scenario_id,component_1,component_2,component_3,component_4,component_5,component_6,component_7,component_8,component_9,component_10,component_11,component_12,target_viscosity,target_oxidation
train_1,2.241244270172411,3.431581788058292,-0.7527302043806211,0.8120457237102658,0.005248737739459876,-1.1531925550469075,0.6804234765307828,0.6562855647759009,-0.632115331739233,-1.2070158396917336,-0.28176131873088545,-0.028294455049191307,25.4,98.04
train_10,2.3840025845520048,-0.5517035242996009,1.45330109933285,-0.009182500457175282,-0.07655039770127335,-0.25989393903412095,-0.5710125586828761,-0.020960439772099777,0.9890307327680941,-0.2780757420463619,-0.019799146751640875,0.2978451987827224,-23.78,85.04
train_100,-2.793892257583498,0.10942149487687018,0.18655905286572005,-1.9022316990847528,-3.973961888957172,0.73041813306629,1.377370742320871,0.848394952957671,0.6337445808546913,-0.3265823627609279,-0.72679769250667,-0.5789688630372172,157.99,105.26
train_101,-4.322351815800873,1.7780853997502708,2.2484044902428963,0.13286948792147293,-3.5797098927129363,1.4723735450424502,0.7912420646518326,0.62718602309648,-0.5122130847576207,0.014935912707688227,-0.022740326723481693,0.741933014710552,241.52,126.73
train_102,-4.715626064844473,0.6869356471950377,0.012516407285710053,-0.5705297293573905,1.006750744150121,-2.7134605024197582,-1.5315950630738362,-0.5933705142544463,0.6845226908466409,-0.46846543536837343,0.36084221785301723,-0.2593731340553779,552.67,86.92
train_103,-2.2993922264213595,-1.9528269353956176,-2.3332286698336606,1.1493950781805595,2.099683445471084,-0.5021621852823259,-1.194153760569946,0.1037595009084976,0.2258377177015145,-1.7195443929688652,1.055336889296058,0.022478033035153527,10.67,10.6
train_104,-3.350978353108193,-2.3073690820504065,-3.386108728136765,0.1787426181506344,1.4785910295210705,0.5139937951504477,-0.31902283529366915,0.31021116757558465,-0.1868077064620518,-1.2417209453207934,0.9946904594229121,-0.5631271371754674,11.36,11.48
train_105,-3.7030625419855068,-1.7458736808609008,-2.9900909402603237,0.48716916517412506,1.5849659796481672,1.5192102083766175,0.4736801861326284,0.1931871529726198,0.27059195466142894,-1.3010358018129957,0.1170878105605861,-0.4348472073000322,11.08,10.1
train_106,-6.264478162579085,0.505793733149915,-0.23876999063190849,-1.040449956213551,0.6975959921100123,-0.7327534199810746,0.07045451076825883,-0.38570795388812756,0.3075037691686781,0.06231695557355502,-0.7860836825216115,-0.7928684819837692,861.54,84.25
train_107,-7.778885525464269,2.186576473750766,1.745821651492633,0.9365934372090471,1.0978003973023358,0.12429647461841566,-0.31317874052054445,-0.3169194993715998,-0.6480236861503467,0.2521968928815916,0.09985730633518244,0.36285471600308317,1763.34,95.47
train_108,-3.848244324155971,-2.1339688494407403,-2.5845150677512794,0.6794748513243994,1.7905286934309756,1.4785448971563575,0.4078958132721494,0.31142206127481664,-0.15118120397644808,-1.1887620020269367,-0.09158901107857025,-0.5110173148932379,11.68,11.28
train_109,-6.299842284363051,0.35150578292170964,-0.12637412615083793,-1.0320422584277549,0.7100387826361362,-0.6795401251160966,0.09046350855135017,-0.32675057575625743,0.21660526551128712,0.02894229698209556,-0.7583951906517854,-0.905869149755669,178.68,92.78
train_11,0.339060542721368,-1.2064865793298614,-0.05158473181627685,-0.35666857697452314,-0.7253034001769322,0.4364204521994247,1.1678141471245398,-1.724515885381895,-0.6544967104694129,-0.5297491857277253,0.6590056709279716,-0.42937121806375067,-15.32,6.53
train_110,-7.814249647248237,2.0322885235225607,1.8582175159737035,0.9450011349948431,1.1102431878284604,0.1775097694833936,-0.29316974273745267,-0.2579621212397299,-0.7389221898077377,0.2188222342901323,0.12754579820500792,0.2498540482311834,775.51,107.79
train_111,-3.883608445939937,-2.288256799668946,-2.4721192032702084,0.6878825491101956,1.8029714839571,1.5317581920213357,0.4279048110552407,0.3703794394066866,-0.24207970763383957,-1.222136660618396,-0.06390051920874433,-0.6240179826651376,12.98,8.58
train_112,-6.217296631801276,0.6393166424025192,-0.37228023086810696,-1.0981472855282302,0.6354543114349605,-0.727409723487131,0.08755401117436885,-0.42754886519908775,0.44367752453193926,0.032659183479986094,-0.7269940537328572,-0.757604033321293,65.88,88.46
train_113,-7.731703994686461,2.32009938300337,1.6123114112564347,0.878896107894367,1.035658716627284,0.129640171112359,-0.2960792401144344,-0.35876041068256,-0.5118499307870857,0.22253912078802263,0.1589469351239363,0.398119164665559,176.84,103.13
train_114,-6.168443389083077,0.7936486160682314,-0.5141278911470861,-1.147648722560029,0.5812274311533607,-0.7387153985162489,0.09509496323150952,-0.47980275059425453,0.580023227064922,0.020061982561441156,-0.6894975184618168,-0.6926334759801007,63.8,45.59
train_115,-7.682850751968262,2.4744313566690823,1.470463750977455,0.8293946708625687,0.9814318363456845,0.11833449608324144,-0.28853828805729403,-0.41101429607772666,-0.3755042282541026,0.2099419198694776,0.1964434703949771,0.4630897220067517,177.56,53.59
train_116,-3.7522095506599626,-1.8461139665224238,-2.859872968266457,0.5722760849779214,1.6741601324743247,1.4725829186211832,0.43253626573540005,0.21732726456868978,0.12133825391979579,-1.2310169750390505,0.004997152981224555,-0.41078230888956935,12.8,15.78
train_117,-6.264478162579085,0.505793733149915,-0.23876999063190849,-1.040449956213551,0.6975959921100123,-0.7327534199810746,0.07045451076825883,-0.38570795388812756,0.3075037691686781,0.06231695557355502,-0.7860836825216115,-0.7928684819837692,482.89,91.23
train_118,-7.778885525464269,2.186576473750766,1.745821651492633,0.9365934372090471,1.0978003973023358,0.12429647461841566,-0.31317874052054445,-0.3169194993715998,-0.6480236861503467,0.2521968928815916,0.09985730633518244,0.36285471600308317,754.93,103.98
train_119,-3.848244324155971,-2.1339688494407403,-2.5845150677512794,0.6794748513243994,1.7905286934309756,1.4785448971563575,0.4078958132721494,0.31142206127481664,-0.15118120397644808,-1.1887620020269367,-0.09158901107857025,-0.5110173148932379,11.5,12.88
train_12,0.9904290197632986,-1.9077853377626697,0.47139098727299755,-0.8006461681941752,0.02487176924856707,0.44633742261245135,-0.30102697935912115,-0.8895720577331246,1.4612743872718472,0.20633277965707073,-0.9542153787711247,1.357873838241988,-31.67,83.37
train_120,0.9729631907897586,-1.697821244102642,-0.5006272165743731,1.2706202693653732,-1.766253394229888,-0.33070798455684514,-0.9314376513165734,0.752940619349835,-0.14835441046313705,-1.6669163540731293,-0.869217655177234,0.0743510051288107,78.94,25.27
train_121,0.9676143645676495,-1.71254385712469,-0.4854887347013795,1.2776369786522004,-1.758906480674624,-0.33159034061648757,-0.9335198901570446,0.757459446713089,-0.1641733536039887,-1.6626892036057555,-0.8768077365206037,0.07118056274117739,47.13,28.09
train_122,0.5880185733413634,-2.321829941525291,-0.7419367011718189,1.2927615334238471,-1.545189931449487,-0.5934332583082351,-0.7352205165007103,0.47959738420373627,0.1466989297271567,-1.443245380307128,-0.7952206253857723,0.1116764075976933,12.58,69.1
train_123,0.6056820287237527,-2.3479780545909814,-0.7625166324211424,1.2774383342020605,-1.5506104546387163,-0.6432802050788784,-0.7743403977185465,0.48479391663234234,0.1251404832237808,-1.4400882100563386,-0.7522530996781905,0.10639211742265224,5.77,65.59
train_124,0.6522711561126093,-2.484050480508693,-0.7903048107323821,1.2444004232271526,-1.5477280661010335,-0.8225233052540196,-0.9190422993938491,0.5165571088944813,0.001678778521689287,-1.415963542611048,-0.6231158184394403,0.07851725074348652,9.99,79.18
train_125,-2.9514958240003195,0.987395454443916,2.1931548714766604,2.4830921484686463,-2.111676374460734,0.06868629259005556,-0.5141635636128318,1.235402770093118,0.2464999974512134,-0.9384882568031602,-0.8270300349814241,1.0372316392211567,64.3,148.95
train_126,0.47204041574815714,-2.0822701277046494,-0.46251258026454223,1.4510846286362291,-1.4974402162483043,-0.14338696108585114,-0.4478453559034118,0.4982744584349691,0.20711270389905653,-1.4818596587089763,-1.2004569413176533,0.13477016242252723,37.1,85.72
train_127,1.5006867455129314,-1.2601771322182749,1.1954039536838974,0.845740658234481,-0.5977794959792317,-1.286348467011718,-0.5835216757300413,-0.5632672844453246,-0.49775302442203656,-1.290844462006524,0.1165501323373007,-0.5957856578620409,30.3,24.4
train_128,2.261253124672445,-0.7453350057491943,1.0502064432161669,-0.7705686242081816,-1.4044358744635974,-0.22158421307108092,-1.509708997925697,-0.521096055243508,-1.9860695896684333,-0.8915551188546375,0.7632114041879171,-0.15215767989481016,-23.02,15.94
train_129,2.2595481638091126,-0.7494591503490475,1.054490600781517,-0.7689822966755283,-1.4019285844579628,-0.22311575684942966,-1.51148205923705,-0.5203620742731689,-1.9907384341188512,-0.8905928539556699,0.7600922467635095,-0.15123007394137117,-23.13,15.81
train_13,0.5963510911529302,-1.4834995889108205,0.15499067722398632,-0.5320397255062855,-0.4289842082538602,0.4403376555125703,0.5876219021634943,-1.394713073460631,0.1812328731383839,-0.23899680940073137,0.021783356296829127,0.2765905791770155,-31.73,8.14
train_130,-2.293445768401661,2.4693641964429176,4.079779166278599,-0.473661913618262,-2.3158130481043266,0.2895904883994839,-0.26835712595764094,0.6528089686591783,-0.5432815709262431,-0.5400275390028161,1.756609167029771,-0.42667762594258213,15.22,43.24
train_131,2.1636924988124298,-0.6520348106778151,1.472420228188159,-0.054116830699074484,0.23979218595698049,-0.2967225212573187,-0.35901102568002474,0.28014862335020346,0.8127815384904826,-0.4719662983224057,0.07946811643399114,0.23644104511458341,0.2,41.28
train_132,0.03618070948718743,-2.67357403043225,-0.7800550215066067,-1.7650347150593857,0.9898893192635632,0.08495237887328615,0.8030801973350119,0.8150506312907653,-0.589402032158846,1.297977697679908,0.23316883109943654,0.47143035536225186,14.15,17.37
train_133,1.555754383028029,-1.5785905664594115,1.134728840979669,-0.681613895632775,1.372473579037284,-0.003139523540322524,0.03128985368312574,1.064642326011433,-0.03547363120103782,0.4743917614512405,-0.08200307994011165,0.8727776359983312,16.5,20.31
train_134,1.0157366022380823,-1.0638317849510355,-0.06341285882630693,-0.8909568816446146,2.5131915233479076,-0.4625665280302383,0.5804837537723275,2.0944541054012107,-0.6336230365022573,0.821363296275111,-0.3320952438945715,1.335338588611656,-18.6,16.57
train_135,0.660925439112961,-2.3952871386519834,0.14134776609776703,-0.9878947134537102,1.4705575944511098,-0.3314111538247971,0.42572933706596333,0.6636663652681339,-0.1893628082892923,0.9031780270350306,0.08703030907004042,0.8310456880253033,16.21,17.9
train_136,0.6659884373460071,-2.3909338483988996,0.13644649785918475,-0.9952922787331309,1.4619178342761359,-0.3234493022143654,0.4293938307041769,0.6658946844198543,-0.18112663471618232,0.8932390202967461,0.09934315644811272,0.822278568292364,15.76,16.22
train_137,1.3802492855045803,-1.4509214101414374,1.1665968029709088,-0.4403089094918453,1.6100915107972806,0.05286217229408467,0.46149972206354595,1.269454387874216,0.4818375265573896,0.14150687695314315,-0.280568344966221,0.7673583208083274,-27.13,5.61
train_138,1.5152706780523402,-1.9971449094073448,1.5866712991461003,-0.5332186501493411,0.26239561831255104,0.3619919182811243,-0.026165514172361747,0.04815265666984717,0.4272004047772268,-0.128488210634193,0.1382028875998277,0.22753028710401568,-26.8,16.45
train_139,1.5531688986283956,-0.8876401967399142,-2.324851632089022,4.514579261089242,-0.5718632495579171,-0.05291616858676964,-0.6080084010984697,-0.33152944757243524,0.6591124557491247,1.4576092512794607,0.3735270171628188,-0.31216952589705504,2.68,134.0
train_14,1.2393712931518617,-0.5619959777046334,-0.1718106483760445,-0.559394520992338,0.6184249306901286,-0.47974832126108313,0.1076238466402865,0.2733607595661259,-0.5921713311575939,-0.1681762136151191,0.06333212271734864,0.7305926084898495,-30.7,76.38
train_140,1.5981358283927833,-0.7729421733465612,-2.3859380513068817,4.577947342136672,-0.609924940397672,0.04462990790472774,-0.5022990152448075,-0.3277136813757004,0.6906898869267847,1.561492706253192,0.4034700761410923,-0.40151709065368935,20.06,122.71
train_141,1.7169456948160087,-0.31275054276650793,-2.612844301477704,4.811570117313781,-0.6250172206927255,0.11836738286711398,-0.32938864121666167,-0.39861169637012683,0.7998886257499044,1.9465783982599145,0.3032114479144411,-0.3606002393305079,2.72,134.08
train_142,1.1616137135361795,0.6470215645961138,0.15477284668563002,0.5794732840705864,1.1021768387482627,-0.2744638464266557,0.9956762830644617,0.3903492317886971,0.5119297803684894,-0.24506547210411725,-0.5345591948904047,0.21453710454294198,48.9,93.48
train_143,1.0824278261295093,-0.15046801102267127,-0.38027081238003674,-0.8430590542997409,-0.45578274993320217,0.6113965505793528,0.5915520489499145,-0.823412828096674,0.2150791441032272,-0.33397071948125095,-0.06269150712779746,0.6546588510373322,7.1,14.85
train_144,1.5134399713903368,-0.3918367935359094,0.2956069216403606,-0.6885623462345226,-0.3973091305871473,0.22502651986465538,-0.12183350563764352,-0.3143222342367995,-0.7257620797449837,-0.5183596375777185,0.19107007522868202,0.345194202716071,4.7,17.01
train_145,1.7246252656500811,1.1121869065466439,-0.28498244302411657,0.02516870854778848,-1.0150207723247837,0.17922074999984783,0.31865629678099666,-1.641736363502553,0.5264142021550394,-0.07411764794280723,-0.27410418817603205,0.25890867796097466,3.74,112.26
train_146,1.72701567844983,1.0982545548302836,-0.2679949667648124,0.027052656389346716,-1.0411487210036503,0.18801453361265938,0.30583364001128127,-1.6713501902384673,0.5069302649497466,-0.06795494043785816,-0.2782466822327884,0.250761392231845,13.93,65.64
train_147,1.4952705783872355,-1.9224745342400624,0.4819876915836803,-0.6605193996290574,0.20885524122666158,-0.3472549163467284,0.0634115763977583,-0.4264573583480307,1.4177720000051817,0.043086856639103874,0.6273774070631328,0.4861423432464319,10.1,16.13
train_148,2.1859786570121034,-1.0712526422531794,0.8975971321057292,-0.7145685384016921,-0.0482955647224415,-0.15025002463525788,-0.43297744159621876,0.2015527481918331,0.6924008085186739,-0.29584047574626754,0.6422338500363414,0.3727025817676604,11.04,22.21
train_149,0.946761762610255,-0.5364247386212956,0.0036204222360576004,-0.6775713118534941,-0.2783011344343482,0.5969062229394448,0.5476924680488923,-0.694967156911229,-0.16328188085889742,-0.26620311522537593,-0.20762446793605904,0.5235245116163245,12.45,17.35
train_15,0.9031945527161538,-0.7164030779871655,-0.6632090261350262,-0.9701253786346844,0.36638888199094316,-0.24520715918888691,0.3125044041900273,0.3029069286453991,-0.856357026089328,0.10816012185058743,0.049019811014198236,0.6257738195921436,-29.38,60.24
train_150,1.6529517655537562,0.016520651902294077,-0.1018507956662799,-0.8512264888605533,-0.5725931082047043,0.22761800731866907,-0.08298034223324909,-0.4510423383494593,-0.3368777390345098,-0.5789011244649632,0.32866052138616497,0.49386889238861004,11.1,17.0
train_151,0.7409337251696823,-1.738899247211914,1.0608545776039149,-0.5363573105458542,-0.8728394667731153,0.8195509469946498,0.06502959050970178,-1.346939148412879,-1.0166791188517958,-0.30513929627708136,-0.25326095264724857,0.021397127891888943,-17.02,19.11
train_152,-1.2196163293755529,-3.78981239173036,-2.4630791366911433,-0.8272555841771619,-1.6262993251261209,0.7863640392075347,0.00697508634941497,-0.15239511718280713,-0.9324187252000529,0.4285427393433548,-0.5650370422367174,0.23949458900268225,16.58,38.8
train_153,-3.6646152656841324,-2.038667743947694,-1.882910380302164,-1.1249066542586768,-3.4286375703506513,-0.7470231269512951,0.42142546521531077,1.746005263785946,2.008010030070073,0.49244360649803937,1.4455575288311084,-1.6537536933508363,10.77,45.93
train_154,-5.102634506409173,-0.42585949200047774,0.15266039103567092,1.0576650682487923,-2.8977357596672446,-0.12006788014625316,-0.32798503004203655,1.3518389633848784,0.6690258846473138,0.9977449359272001,2.0246144570570475,-0.15118405912456057,29.31,75.09
train_155,-0.34425492241926053,-4.774483499439591,-3.280370612828502,1.5430766253850055,-1.2637993613634413,-0.3103985540371953,-1.4167199608795042,-0.6946219335675544,-0.9985160817377083,1.2184153823238144,0.7981012652402917,0.48383731320206225,36.3,61.83
train_156,-3.951455879300428,-1.2651206635374437,-1.2758865550624736,-2.617418374192604,-3.0877045794541305,-0.49396545246003504,0.5700782734643254,0.7338348150569277,0.7934597466138191,0.8584267850366954,-0.8309467196686118,-0.5455538255559128,32.46,45.2
train_157,-5.476079827985651,0.40685113172147525,0.7648721135599997,-0.5981643214754141,-2.6918278465790118,0.27940551304438477,0.039221627622349285,0.591781967610122,-0.3005191418363824,1.1585546982495423,-0.07724340590994426,0.7302617931681383,79.9,52.89
train_158,-3.9469884262228336,-1.2719867028705714,-1.280991825019782,-2.6212656420674594,-3.0890101108548333,-0.5067542961966711,0.5600265655486504,0.7352169025965148,0.7877555887158743,0.8592855635090301,-0.8200205534820573,-0.5469416882692951,36.63,47.24
train_159,-5.471612374908057,0.39998509238834756,0.7597668436026913,-0.6020115893502698,-2.6931333779797146,0.26661666930774863,0.029169919706674288,0.5931640551497089,-0.30622329973432727,1.159413476721877,-0.06631723972338975,0.728873930454756,95.96,57.58
train_16,0.9548413018238835,-0.5591759926799078,-0.7118412783931771,-1.0935590402567483,0.21950478225758235,-0.10730112725349461,0.28483160779971867,0.41214398392316093,-1.0395947083151875,0.09916549581456223,0.04325756952368257,0.5725892922053762,-31.38,68.26
train_160,-1.1474676187724084,-3.651993713533347,-2.6472521138337446,-0.9354726073579668,-1.7362108834124954,0.8104124176641211,0.03626101741955834,-0.18920341753218167,-0.7453122398268074,0.3513472046490579,-0.41715582973858284,0.2269537529970241,48.52,45.28
train_161,-0.3901613070803773,-4.548621835894305,-2.3425836377017917,2.3964462134704534,1.670413129014864,-1.1660617966353612,-1.6273914985375089,0.7301567560103939,-0.13070398530426305,1.671741630720647,0.4262304202945797,0.39948310710404766,35.0,42.16
train_162,1.0036770473365286,-0.2921220101813372,0.11493829400822685,-0.09078649501017011,-0.02615575924514366,0.06513686008540985,0.6250821411470349,-0.37831248235903475,0.19356150805846542,-0.6455914385190397,-0.4002909958635576,0.37506018841863076,30.02,70.33
train_163,1.3583205732979173,0.37963866053438944,-0.0989992876787943,0.9062157975690723,0.04417797910250309,-0.6793753283589626,0.8020491205821199,-0.07089806884204233,0.8007717947702806,-0.7800100323399826,-0.3171858753987698,-0.10218575543547179,-2.51,76.57
train_164,1.9233048539333182,2.0178346911527347,-0.6129390237359708,1.4415180307426818,0.041169612901236934,-0.829764901573168,1.1251164389243218,-0.09310422682789517,1.6839043488361896,-0.5598126707009448,-0.1523396590837504,-0.45159411619015,4.36,127.51
train_165,-4.035441271855822,1.2453828021805338,1.667571024008133,1.868945567667486,-3.211618832093587,1.316574729402686,0.2762969452537064,1.4482958422063426,1.8102151282222876,0.054100098456569025,1.0305826486016778,0.5132600490936773,141.4,50.69
train_166,0.6717376437085872,-3.0942162073249153,-1.6756813879170969,2.4571111647994286,-1.4947982926180803,0.9517470526099183,-1.0741099777829917,-0.9238620280799353,-0.0635334821102232,0.3965528667355663,-0.31978168524420436,1.2120695602946516,67.5,47.54
train_167,0.7499120441168342,-1.49732671391098,0.07329049841654561,-0.3212976518055283,-0.38455443446567905,-0.15411268033666606,0.34665528196992285,-1.277662415619432,0.2302356025942382,-0.3825493618128423,0.1778694836238053,0.19926411425858634,-37.0,41.93
train_17,0.49262149568527197,-1.220313704330021,-0.13328491062371756,-0.14592650327376586,-0.6808736263887509,-0.1580298836498115,0.9268475269309686,-1.6074652275406958,-0.6054939810135588,-0.6733017381398362,0.8150917982549476,-0.50669768298218,-35.6,76.37
train_18,2.1908142228827536,-0.5264335888699033,1.405799954586991,-0.006018445287319123,0.18477666323041175,-0.36886357942774123,-0.3262290292586366,0.20468571777360528,0.7041249504736169,-0.4870210467286285,0.09858824926199987,0.19911935595275676,-18.1,39.15
train_19,1.8979531859428667,-0.5195210018645859,0.5763056485350991,-0.41856643932189874,-0.43504424675868775,-0.500882534197102,-0.9268502947110275,-0.42172018600186983,0.21174686763808725,-0.6778992610958957,-0.017255091891256177,0.5059360600468917,-17.2,39.27
train_2,1.230154759379141,2.231119258878834,-1.4673460594108707,0.5986631204978292,0.24980051179476748,-1.3997498433971878,1.2628162373678367,0.37677416582932155,-0.07838378856128135,-0.839485314343298,0.03525973170211495,-0.3218843627009077,20.5,112.37
train_20,1.536267877653307,1.050759472664048,0.24162137346681803,-0.1475203675498303,-0.11512165799108691,0.046167114121730496,0.49185781001716106,0.6352504821877637,-2.4527156155811944,-0.7152968097444273,0.03197345545071056,-0.37465793712485423,-17.51,97.66
train_21,2.0023079928979284,2.2343588698967096,-0.6354464823737368,-0.40602998278224284,-0.48623750383328157,0.04532915948924468,0.4094058965095125,0.022464355025816035,-2.3289723934011946,-0.1129872769516737,-0.23851950989651732,0.318127665996598,-18.94,66.79
train_22,2.882501141090452,4.023662561334279,-1.3393289395719599,-0.8369672989268491,0.22043135333086553,0.9560992098315194,-0.9500117882663998,0.2528735671118617,0.4935735772503692,0.6627488730433283,0.224490440606473,-0.27598914752709097,-9.85,70.21
train_23,2.54528021900278,3.966333481949413,-1.8504650989759388,-1.1582592312192999,0.4246454954569416,0.6443869313966861,-0.6574297051034091,-0.5698158525361275,2.5209961595484414,-0.1757235544786408,0.37958533407103673,0.4825948412605853,-9.94,65.94
train_24,2.6920980845538165,3.9651133276628854,-0.9678741547348728,-0.6159212689531759,0.3598201637531663,1.2965364876475907,-0.6971901336588843,0.3078593563957649,0.3920988156374331,0.7048715634902424,-0.12625625396382914,-0.3714385391574723,-19.12,64.96
train_25,2.6944185556552873,4.389206380660748,-1.158857523719379,-0.6900391047278941,0.2558718506494399,1.5397831022995636,-0.48873124739945206,0.169279351494947,0.810750665316793,0.606684009146439,-0.2596924176153875,-0.18294566467474088,-11.39,24.69
train_26,2.6091854412740507,2.997617461475277,-0.9520193083951015,0.7627868257961191,0.4797832107626474,-0.2929577812963539,0.6904076315254712,0.2009463536486152,0.5980330884929338,0.9981987052129784,-0.3893527065127516,0.3535580821997986,30.81,98.18
train_27,2.2032938124515957,3.003728277838235,-1.246564024883129,0.28172944343242173,0.01993111762455585,-0.6769755295895178,0.8843028357549805,-0.3899113523743821,-0.31422795600259573,-0.11463655926412865,0.46526655436995745,0.00838459575486336,25.67,97.77
train_28,2.6845375120371924,4.5742134573255795,-1.2015275101911222,1.530099059852066,-0.3614447874119611,-0.4387193797425051,1.3638875922798128,0.3350699238932623,-0.749948483849939,0.14847801292395074,-0.4712901760364368,-0.4476283846063247,69.8,126.22
train_29,2.639650266498951,4.438653079258894,-1.0599413691296635,1.595063065136991,-0.30187079402030165,-0.42728198021272545,1.3594422172076845,0.382498624255607,-0.8978052293553745,0.18404508800271188,-0.5202560964554149,-0.5162440409226988,53.13,119.83
train_3,2.19371062157598,-0.503616553988642,1.3528568568108743,-0.215157250702732,0.17015074683643786,-0.12373946108496905,-0.36085359923372046,0.11114501250819601,0.6990636784916566,-0.24508350971331785,-0.02740205448583484,0.4325972351511233,-20.3,36.33
train_30,2.8396802450819973,4.4778644067120625,-1.4425461259573389,1.375498991689795,-0.44074245420538755,-0.7997968936967985,1.0887387528204677,0.34010321669326193,-0.802971863321723,0.14450570956897196,-0.13277425966779105,-0.4383020921395287,68.02,116.66
train_31,2.8396802450819973,4.4778644067120625,-1.4425461259573389,1.375498991689795,-0.44074245420538755,-0.7997968936967985,1.0887387528204677,0.34010321669326193,-0.802971863321723,0.14450570956897196,-0.13277425966779105,-0.4383020921395287,68.02,116.66
train_32,2.694107262299497,3.4752967501778267,-1.046990108005054,-1.2710576450750213,0.2828546810233632,0.5168002657166058,-1.434202903869254,0.23285957057224327,0.5171782726077202,-0.19934827165718264,0.15253527846648485,0.06640469395513354,-9.77,60.23
train_33,2.694107262299497,3.4752967501778267,-1.046990108005054,-1.2710576450750213,0.2828546810233632,0.5168002657166058,-1.434202903869254,0.23285957057224327,0.5171782726077202,-0.19934827165718264,0.15253527846648485,0.06640469395513354,-9.77,60.23
train_34,2.694107262299497,3.4752967501778267,-1.046990108005054,-1.2710576450750213,0.2828546810233632,0.5168002657166058,-1.434202903869254,0.23285957057224327,0.5171782726077202,-0.19934827165718264,0.15253527846648485,0.06640469395513354,-9.77,60.23
train_35,2.4484997872715693,3.6761077888425904,-1.5177864449509229,-0.4801555024471522,-0.7481987703695943,0.10251673218436054,0.6436779265625853,-0.2590821737153378,-1.3377858194945684,0.025526687095198418,-0.0018143820169517818,0.4994672200510896,45.82,106.86
train_36,2.4518477795514713,3.7050498270627528,-1.5360233079964964,-0.4859550441652418,-0.7567900017080437,0.11384672753162063,0.6551777562267069,-0.2675687061276647,-1.3084555563629177,0.02013151194295345,-0.003679581073083143,0.510300782914596,25.34,103.54
train_37,2.6916042609072894,3.542762230054324,-1.2770535922553703,-0.9739117162594574,-0.3111142155530225,0.3408122069713107,-0.6037755313309848,-0.06248555173929113,-0.059682822073874625,-0.042395821948571645,-0.04932488625229058,0.48941988194236047,3.81,89.11
train_38,2.6181831949615857,3.6015326599249295,-1.7638266012571207,-0.6272528069940341,-0.828369743639061,-0.26115163103232836,0.3562992652082693,-0.27539912073649064,-1.4423197707223963,0.07694992972046295,0.30178878651312924,0.5318472707715172,-0.56,73.21
train_39,2.347494417326297,3.830808273922665,-1.3790978779441019,-0.3800154308883498,-0.7088482368259387,0.39770727542914636,0.862113867998975,-0.30472576849610344,-1.271356139067652,0.051206513782563974,-0.29767049520741967,0.5483355639665921,15.83,96.16
train_4,2.942048932508982,-0.800836527435412,1.1357230618541827,-1.064081728133985,-0.23301652593947647,-0.07303545940195522,-1.8682114680736566,-0.37416264541495575,-0.12165926449026261,1.0122287792107494,-0.5897273093201778,-1.4283417492094799,-20.6,37.95
train_40,2.61206286174524,2.050951653119865,0.3258269216282984,0.8772651929501705,-0.3212831222293692,0.48169028606510034,1.1048792581610647,-0.576692437287582,0.25087033266873837,0.9376866617126282,0.18288720633063862,-0.47028914271721767,0.71,72.96
train_41,2.5077425536479843,3.1558859044535383,-1.191828698823165,-0.38665080899599225,0.8381453654875876,0.38597599787563336,-0.7475922182269988,-0.10745606149843406,1.3409319877646257,0.6194808602848733,0.45370575779950323,-0.3089060756262039,-12.6,65.25
train_42,2.631304302875355,3.6638342847916725,-1.6995144765966368,-0.7631872321113498,0.5747827108749466,0.4306835301693009,-0.7220334157755252,-0.3393700554829679,1.9772538091029392,0.3222183530239957,0.569821770168553,0.046704892930367205,-4.77,71.94
train_43,2.5352903395628337,3.6254036811901913,-1.4568353056834071,-0.5207365011030233,0.7003630798671101,0.597366090378742,-0.5692299105454844,-0.27733216358659013,1.816865696146682,0.489396335339261,0.34882946928648145,-0.062454258899551994,-7.86,70.0
train_44,1.912158760765397,-0.513234564084483,0.8915567477338331,-0.30640845901190067,-0.026479326194108095,0.007882571393564238,-0.011332891569856562,0.40807903037610743,0.7686503915089997,-0.15033753579653877,0.32043683025145636,-0.22806383754249118,4.35,27.49
train_45,2.955740233240363,-1.0229470950477288,1.53127791471752,-0.6835769008698646,-0.32886509539169284,0.016034728311891146,-1.8498449453859447,-0.45105058212683213,-0.5369096719691675,1.2283379434970896,-0.7460672477354706,-1.7883020777258547,-25.97,30.58
train_46,1.7660518474469598,-0.6970252777217598,0.8049779849105841,-0.5147323338939699,-0.08615921172931586,0.22822069148669413,0.046515826280034984,0.31069305292409394,0.47416985595427447,0.1274460283589245,0.12269066251076215,-0.012567395943952684,-23.35,25.82
train_47,1.4109921960641405,-0.20694215493367119,-0.04477594837475314,-0.31866602428260427,-0.3215908683824914,-0.20480194504756616,0.0407815583306431,-0.8271471869163296,-0.5122691451525697,0.0010887297194117514,-0.12070938504805175,0.3477643308108878,-12.23,57.42
train_48,1.4365240322954047,-0.6431729077776638,0.2549211412408508,-0.3322912453673381,-1.028607525083384,-0.05108267999173187,-0.2009786817100774,-1.3983590313862777,-0.4764269360038601,-0.25650348955038443,0.22224134680896024,-0.07767380957728913,5.59,36.92
train_49,1.4560594287248732,-0.6439178828460967,0.26412623518653966,-0.3438739909190418,-1.121166213759065,-0.03187000160047707,-0.2392414343147624,-1.4998906721112448,-0.49026150484549547,-0.24830194947345846,0.22295683062967137,-0.07984368248446433,-19.33,31.16
train_5,2.995788870567809,-0.4728160157850937,0.9509785757292196,-1.07846023001221,-0.02212468202159771,-0.08425191973296062,-1.7888756552632428,-0.28343183058686866,-0.22534759794209597,1.2661000409108492,-0.847776970497486,-1.1516286695156743,-18.9,34.9
train_50,2.845615231286877,0.9018798959770684,0.8316589190898245,0.037389833283459975,-0.0005659535906013823,-0.5755180910439813,-0.6365791109757312,0.1573792304138341,0.6454964689629338,-0.046556182702013685,-0.10612018878225461,0.7869660971161001,-12.44,66.03
train_51,2.410889476644463,0.6557667779519598,0.7984901012405278,0.18725036607384843,0.8230025452567552,-0.5558739029814046,-0.06396769506167028,0.723792335543519,0.8648023544241379,0.04072852278288387,-0.34343903820994337,0.8362777925891623,-8.49,86.06
train_52,1.773802626927219,0.7378807252381867,0.6979078980948772,-0.9840502220942698,0.9412137292368288,0.6606177918637316,-1.581085473544487,1.0870348154556537,-0.9838943392222718,-0.43104029713882125,0.21288830880363951,-0.8063771344747193,-10.35,24.07
train_53,1.7280570465587746,0.8062730952119123,0.7461424500076433,-0.9519272966019434,0.9498192822575375,0.7944132316560153,-1.4755218551730631,1.0752203664275342,-0.9129828614795473,-0.4532731950273784,0.11280018026649563,-0.7980781847155551,-10.17,29.96
train_54,1.5900036277320313,1.027665872865867,0.9226160968743194,-0.7991198496703995,1.0123767215308945,1.1763540648810136,-1.1771527021919876,1.0215267869591165,-0.7947353350041405,-0.4171878789077519,-0.27991197909469645,-0.7274565245411607,-9.59,32.08
train_55,1.8005463226438647,0.726189320302587,0.720246139147205,-0.9087738960706827,0.9977727381432817,0.5455366999128244,-1.6763044909111815,1.0627276004737085,-1.1835009215131786,-0.24496162619213133,0.11807381746773948,-0.732847992923468,-9.39,31.54
train_56,1.4733325947773186,-1.271340270157036,1.8127893511541968,0.67233847865183,0.4680180645891753,0.06291099316959477,0.6009443037461745,0.05533306492098037,-0.3911557917017787,0.18955129404398016,0.2104929633643429,-0.73676868313409,-12.46,31.79
train_57,1.3552525049977988,-1.021366047399046,2.0198311839288468,0.971270177292889,0.5747984253913204,0.4534203535922747,0.9381560559324659,0.025513135555906213,-0.39543184195113196,0.42395640609673096,-0.23446790003222154,-0.7253996309078528,-11.27,27.83
train_58,1.4734409475992591,-1.2641691831432262,1.8218114403040941,0.6957100096052367,0.4771506743582718,0.06744796548407596,0.6077023814494907,0.055768777468310694,-0.41185919393436493,0.22111721481766722,0.19103756411793507,-0.7384959601115331,-10.34,25.27
train_59,1.4735608364656907,-1.2591430802002594,1.827898816685255,0.7118247678991764,0.48335384095440365,0.07069112865323919,0.6125273984193566,0.05615033973385589,-0.4258657576207614,0.24278050032734946,0.1778934721937743,-0.7399256936593448,-11.63,25.33
train_6,2.905132604184422,-0.17257577874791372,0.7125464815657919,-1.02393050130167,0.8061605262407392,-0.26123743830090723,-1.4804273160508419,0.4860170115954815,-0.1968749973087935,1.4114662015292685,-1.083499424461138,-0.8547868322303749,-17.83,32.12
train_60,1.4754943478363323,-1.2205087070008267,1.869291180381112,0.8296446223306363,0.5264992703707408,0.09712478377831042,0.6517004833883037,0.06085976163789767,-0.5219797300658973,0.39877654533408113,0.0881591490426226,-0.7560195026797163,-11.57,27.21
train_61,1.4019103039910783,-1.1820002167726507,1.7703714875854348,0.7606623029333381,0.4008345723175989,0.06960026190780629,0.7740999223325588,-0.03569348130750878,-0.6586005783722997,0.161811484135022,0.3553477876606747,-0.9365226498529755,-11.12,28.47
train_62,1.4876749492929744,-1.1084218463345756,1.9549817568975247,1.133552115702719,0.6225200093756554,0.18445304208749128,0.7797882976748555,0.08646760040270056,-0.7268842641116827,0.7846039764304973,-0.09927573943043101,-0.8369234815906716,-8.33,27.92
train_63,1.3520923212757041,-1.0888953032536062,1.9462917087799492,0.7639816658496997,0.4983920122913491,0.40751844306981144,0.8701116802805123,0.017655140417544277,-0.22489926313868477,0.1489634479556116,-0.07515699497187807,-0.698345596488676,-8.37,27.75
train_64,1.490993308419167,-1.2126373492103364,1.785437044586359,0.6800680976195067,0.45850140029132125,0.07600760627255045,0.6097221468630264,0.029509502492973943,-0.3980267418281647,0.23684983506938748,0.1808021052526442,-0.7117460243032243,-9.63,27.94
train_65,1.5352271950847782,-0.9452954871304546,1.8748978952911928,1.1771298535564132,0.6026139756828873,0.21623072830338744,0.8190548223637272,0.03444104881444535,-0.7193420848574982,0.913394682302627,-0.15536295986316043,-0.7955956706927461,-10.22,27.95
train_66,1.5334640492218239,-0.9518300545536329,1.8795602706720371,1.1766123573075384,0.603644918579237,0.2165942268822573,0.8180709028948864,0.03607217034794833,-0.7233577554706055,0.9113861384254437,-0.15552470516537417,-0.7975657853118701,-9.86,25.36
train_67,1.5031778215929812,-1.1301259810018034,1.820589669281369,0.8377866621588475,0.5093544138113277,0.11404077892020212,0.6662341890002587,0.02474618357945883,-0.5168722463178801,0.45983374447490744,0.05622514291515606,-0.722370560151137,-9.08,28.36
train_68,1.0426638159395096,-2.4226314632180497,1.409190734743862,-0.2841754658940588,0.56566245969222,0.24309966903847371,0.40102414145262316,-0.2593614415857271,0.8944351623117944,0.15851090612345717,-0.058430713830481866,0.2980973487790576,-27.19,12.61
train_69,1.0426638159395096,-2.4226314632180497,1.409190734743862,-0.2841754658940588,0.56566245969222,0.24309966903847371,0.40102414145262316,-0.2593614415857271,0.8944351623117944,0.15851090612345717,-0.058430713830481866,0.2980973487790576,-26.61,11.28
train_7,1.7828609483412985,-0.23135056904213044,0.354583038067532,-0.5346638701496066,-0.6973305920834941,-0.23450578257646681,-0.6271661155353597,-0.8281318365398558,-0.3566228626908186,-0.5318638523516286,0.1823699608768854,0.37273654080044755,-18.1,36.52
train_70,1.0426638159395096,-2.4226314632180497,1.409190734743862,-0.2841754658940588,0.56566245969222,0.24309966903847371,0.40102414145262316,-0.2593614415857271,0.8944351623117944,0.15851090612345717,-0.058430713830481866,0.2980973487790576,-25.66,10.78
train_71,1.0426638159395096,-2.4226314632180497,1.409190734743862,-0.2841754658940588,0.56566245969222,0.24309966903847371,0.40102414145262316,-0.2593614415857271,0.8944351623117944,0.15851090612345717,-0.058430713830481866,0.2980973487790576,-26.04,11.11
train_72,1.0426638159395096,-2.4226314632180497,1.409190734743862,-0.2841754658940588,0.56566245969222,0.24309966903847371,0.40102414145262316,-0.2593614415857271,0.8944351623117944,0.15851090612345717,-0.058430713830481866,0.2980973487790576,-25.32,12.53
train_73,1.0426638159395096,-2.4226314632180497,1.409190734743862,-0.2841754658940588,0.56566245969222,0.24309966903847371,0.40102414145262316,-0.2593614415857271,0.8944351623117944,0.15851090612345717,-0.058430713830481866,0.2980973487790576,-27.28,12.93
train_74,1.0281231584671782,-2.6984702258377378,1.5354837709467506,-0.2766096299042498,0.5982186640092189,0.1712275356350567,0.3205859627988071,-0.1663420953619756,0.6862771993716489,0.15377038678911994,0.04469736736413999,0.15076859190749323,-33.87,12.4
train_75,0.9893820162502921,-2.5336334771266324,1.4519482957697099,-0.3079459912254541,0.5565869191845634,0.16672291466614667,0.37670551676514125,-0.2807643307603859,0.7077032888339717,0.07199056032315064,0.022275551218628627,0.2346816695418989,-27.67,22.0
train_76,1.1105839552672012,-2.1904805538435648,1.235610195229213,-0.15681341701634932,0.48808680254249265,0.18885153266584068,0.5320365701682684,-0.2819367951687785,0.9466763932990979,0.17428035702195102,0.09977256244969318,0.13967277498339717,26.06,17.71
train_77,1.1218292457044772,-2.207763467645618,1.2227594181905996,-0.16649760258949692,0.4848005722182126,0.15665997750509777,0.5067348215121198,-0.27845786085823304,0.9323181199947451,0.17644203912021791,0.1272754617526471,0.13617930364123074,24.83,18.32
train_78,2.300833769767516,1.2321872817858377,0.6933460284840843,0.6867479039564088,0.12649428370529772,-0.5118793596603955,0.6198720029403103,-0.20976215502483922,1.5646352691317038,-0.6060460777797203,0.46060355508373524,-0.4196500595866288,-0.74,77.0
train_79,2.0245201238521173,-0.573731252943991,1.4359064761442242,-0.08462135282436488,-0.40483536961574923,0.0453540491789912,-0.040289844343542915,-0.42220876883467034,-0.06978583464616717,-0.49067914269047186,0.5317843656518945,-0.3411702126821253,-21.6,31.35
train_8,1.8619143431886584,0.16214712759843664,0.8285886059043007,-0.002384190571876952,1.313329819399859,-0.4170320072561616,0.5455507977765787,1.1419462002242806,0.17081537477772785,-0.224700746403639,0.044996398749690254,0.41173513174415516,-19.12,34.19
train_80,1.86487035561565,1.9727063818232906,0.07178619382602724,0.23721020603664916,0.6085840750216898,0.06962410470075774,0.5874712663323145,0.4495577420213347,0.20626499216455846,-0.4224189496930158,-0.7290866259856493,0.6213189155596158,4.25,113.05
train_81,-6.040108492297346,1.123398231319219,-0.8694792940239364,-1.3264507054170698,0.3911150004754723,-0.6883528034248886,0.1601222584102394,-0.5796018489559406,0.9518911717193679,-0.08836167374397147,-0.4938236607358591,-0.6388741871830477,320.67,87.0
train_82,-7.554515855182531,2.80418097192007,1.1151123481006049,0.6505926880055278,0.791319405667796,0.16869709117460174,-0.22351099287856416,-0.5108133944394128,-0.0036362835996570798,0.10151826356406458,0.39211732812093447,0.5168490108038046,566.53,103.1
train_83,-6.059363094128119,1.0414765081155017,-0.8088543717413652,-1.3203490797425237,0.3992167404503895,-0.6618425087701204,0.17060924937033198,-0.5470754109997271,0.9046436802680893,-0.10762528745904026,-0.4768517716920805,-0.7026171185938074,251.19,74.26
train_84,-7.573770457013304,2.722259248716352,1.175737270383176,0.6566943136800738,0.7994211456427132,0.19520738582936992,-0.21302400191847112,-0.47828695648319947,-0.05088377505093532,0.08225464984899579,0.4090892171647133,0.4531060793930451,337.08,87.72
train_85,-6.038433011972383,1.1305098969256586,-0.8747506549851739,-1.3269929060800814,0.39039931947925033,-0.6906412502979227,0.15921823076925054,-0.5824266005560352,0.9560005850236502,-0.08669623118718084,-0.49528747497414854,-0.6333432600059697,226.28,55.42
train_86,-7.552840374857568,2.8112926375265093,1.1098409871393673,0.6500504873425168,0.7906037246715742,0.16640864430156765,-0.224415020519553,-0.5136381460395074,0.0004731297046255254,0.10318370612085523,0.3906535138826451,0.5223799379808823,225.24,61.15
train_87,-2.9647514223450484,-2.710188718141776,-2.701212029547642,0.49760654547414856,0.9588348658973799,1.1912438781804107,0.09409753413710442,-0.047602126429370784,-0.9895001450617165,0.7081000363445729,-2.1569111111666244,0.15079066978510108,28.29,52.1
train_88,-6.6394509021252395,3.454429822710031,2.7542801654731566,1.4414816958162957,1.0721678591690493,0.1242437769664431,-1.037511922326619,0.04095260185992711,-0.9532741460227123,-0.34495256740861424,-0.11096567288030859,0.619826583188738,399.59,129.68
train_89,-0.03780661812775015,-1.9691358589143455,-1.9736381159633785,-1.7509599822839437,0.2463719181087896,-0.6557767051259007,0.5590252541263976,0.07567165111918005,-0.9589489205259965,0.838214648982688,0.6111759809297327,0.39309457819599297,-17.16,20.84
train_9,1.9592179698408843,-0.2511490009528306,1.1645855979387358,-0.05532531786365706,-0.09991231415674218,-0.12730957043365868,0.16792920630039804,-0.1894347654453613,-0.0626139166951976,-0.5100730172518448,0.5533575234058401,-0.2108109851189434,-19.54,33.87
train_90,-5.2463199682377555,0.5983428432443826,-0.32229241481075965,1.0225816660797535,0.3237294422261185,-1.019279262015433,-1.5664343487152845,-0.3722723626749642,-1.5498213532953375,1.4782896316219842,-0.2712915939561665,1.080573244000863,519.21,134.43
train_91,-0.03780661812775015,-1.9691358589143455,-1.9736381159633785,-1.7509599822839437,0.2463719181087896,-0.6557767051259007,0.5590252541263976,0.07567165111918005,-0.9589489205259965,0.838214648982688,0.6111759809297327,0.39309457819599297,-25.0,35.89
train_92,-0.03346888725912892,-1.9758025278738578,-1.9785951433124798,-1.7546955363750014,0.2451042956495442,-0.668194196991367,0.5492654193948672,0.0770136067434418,-0.9644874458028481,0.8390484909557434,0.6217848821358366,0.3917470150926579,-20.71,36.07
train_93,-0.03346888725912892,-1.9758025278738578,-1.9785951433124798,-1.7546955363750014,0.2451042956495442,-0.668194196991367,0.5492654193948672,0.0770136067434418,-0.9644874458028481,0.8390484909557434,0.6217848821358366,0.3917470150926579,-21.91,89.03
train_94,-0.9306515085086358,-1.3785428965850042,-1.8462539851116142,-1.5610379588979264,1.0807986931462632,-0.34170402937578437,0.8938653787835491,0.43180263174353806,-0.10868912219247005,-1.0604451220830227,2.6536256793349025,-0.26580810988341186,-13.31,10.22
train_95,2.153039435747031,1.4727530291620932,-0.21011240111497634,-0.003088428012174608,0.5342204023021221,-0.7553951810153734,-0.08378073833315725,0.5410532343086724,-0.2707418934948703,-0.3235738125325942,-0.04883524005731766,0.5141661835092611,48.3,88.19
train_96,1.334363493048115,0.03443152368892489,0.0018783484305757664,0.20398513648848302,1.0610689410706093,-0.9960524742048603,0.2939616479921727,0.4260764149409489,-0.0153696347257544,-0.2444962945770842,-0.003763086644988441,0.2610686591828426,1.86,78.95
train_97,1.152977933931053,0.5523951057586053,0.12032851214399354,0.37767629990771706,1.0945051875165965,-0.4767034044423331,0.7713942482462192,0.3195959407702759,0.5080863845989602,-0.42250984152201265,-0.5332358112155695,0.435409041479628,33.0,97.44
train_98,2.0689793360240536,0.2919738569850113,1.722218849141708,0.5666245469270029,0.4888930994418148,0.11546773684935563,0.2587085660352952,0.30080956374166967,1.467385726932369,-0.5387254862032484,-0.5302519475678918,0.12827696727859392,11.52,85.8
train_99,1.933139056395004,0.08282197765003907,0.40405742486072777,0.1672579287197521,-0.19779470408468852,-0.5803166019332732,-0.5599876909980928,-0.6124880809805227,0.540009125394775,-0.09057165680761081,-0.27265568261254325,0.3782272700492113,62.3,96.92
