model_type,config_id,fold,n_features,rmse,mae,r2,target_name,dataset_name
mlp,relu_small,1,28.0,22.542431751953185,18.87519486926052,0.2723024324954265,viscosity,compact_v3_full
mlp,relu_small,2,27.0,20.66130779977605,18.342265352222896,0.04136070171011108,viscosity,compact_v3_full
mlp,relu_small,3,27.0,381.0710203097093,213.45418515015763,-0.14624170217449395,viscosity,compact_v3_full
mlp,relu_small,4,27.0,28.487480423888314,22.489577570627567,0.05824025229434826,viscosity,compact_v3_full
mlp,relu_small,5,28.0,59.70024153267499,37.14151439212383,-1.6173280613634047,viscosity,compact_v3_full
mlp,relu_mid,1,28.0,35.40829377469081,28.21966989199609,-0.7953924554349197,viscosity,compact_v3_full
mlp,relu_mid,2,27.0,31.169364552628796,27.386865442171192,-1.1817024034472285,viscosity,compact_v3_full
mlp,relu_mid,3,27.0,373.13299787993697,207.11899420870913,-0.09898477020914642,viscosity,compact_v3_full
mlp,relu_mid,4,27.0,31.29993358072851,27.277573659183453,-0.13689112571162365,viscosity,compact_v3_full
mlp,relu_mid,5,28.0,109.00182287032189,57.72313996483261,-7.725162150536587,viscosity,compact_v3_full
mlp,relu_wide,1,28.0,38.93252195248927,30.528750581628888,-1.1705733699274203,viscosity,compact_v3_full
mlp,relu_wide,2,27.0,27.240990946158345,23.26207892786185,-0.6664236362024183,viscosity,compact_v3_full
mlp,relu_wide,3,27.0,375.0832975821692,214.85997619797467,-0.11050318930227898,viscosity,compact_v3_full
mlp,relu_wide,4,27.0,29.45461999797951,23.995598340560907,-0.0067899991849660335,viscosity,compact_v3_full
mlp,relu_wide,5,28.0,127.61058769349538,62.42742356390439,-10.958574200483609,viscosity,compact_v3_full
mlp,tanh_mid,1,28.0,29.694061491896864,23.640064721972134,-0.26266634010294165,viscosity,compact_v3_full
mlp,tanh_mid,2,27.0,30.466714172029512,26.697519673843775,-1.084446964073106,viscosity,compact_v3_full
mlp,tanh_mid,3,27.0,417.8176079644391,240.9416039677625,-0.37796388689812965,viscosity,compact_v3_full
mlp,tanh_mid,4,27.0,41.17852794735581,28.25291857643077,-0.9677670283865987,viscosity,compact_v3_full
mlp,tanh_mid,5,28.0,71.23926675942343,41.65063997421919,-2.7268753425931225,viscosity,compact_v3_full
mlp,tanh_wide,1,28.0,25.97516858236435,21.31830551264551,0.03380197387253092,viscosity,compact_v3_full
mlp,tanh_wide,2,27.0,24.632378110023655,21.001595841028543,-0.3625495292639085,viscosity,compact_v3_full
mlp,tanh_wide,3,27.0,392.60093751474335,225.32055091902083,-0.2166538194664711,viscosity,compact_v3_full
mlp,tanh_wide,4,27.0,39.26258710164635,30.22344805977719,-0.7889156783195601,viscosity,compact_v3_full
mlp,tanh_wide,5,28.0,136.69090861212158,68.47135487616127,-12.72098361717559,viscosity,compact_v3_full
mlp,relu_deep,1,28.0,27.761853469650866,22.00978490903252,-0.10368797661067819,viscosity,compact_v3_full
mlp,relu_deep,2,27.0,20.69934619787247,18.848705506036247,0.03782765621642448,viscosity,compact_v3_full
mlp,relu_deep,3,27.0,388.355297461801,223.81611602633362,-0.19048198122257953,viscosity,compact_v3_full
mlp,relu_deep,4,27.0,25.944857437787896,19.446475222704272,0.21884966758121205,viscosity,compact_v3_full
mlp,relu_deep,5,28.0,89.6033548972678,52.02682166474722,-4.895959971817796,viscosity,compact_v3_full
ridge,alpha_0.1,1,,54.609749773906515,42.999975933917234,-3.270608590456699,viscosity,compact_v3_full
ridge,alpha_0.1,2,,83.43104958474852,66.01647040938612,-14.631297453357702,viscosity,compact_v3_full
ridge,alpha_0.1,3,,366.74682801736515,215.8959623314807,-0.061688447771340416,viscosity,compact_v3_full
ridge,alpha_0.1,4,,93.77920120756707,74.1923079884829,-9.20575416637285,viscosity,compact_v3_full
ridge,alpha_0.1,5,,163.62068819961874,132.19097030162044,-18.659950275368086,viscosity,compact_v3_full
ridge,alpha_0.3,1,,66.58230461170628,57.267213291528655,-5.34844034244158,viscosity,compact_v3_full
ridge,alpha_0.3,2,,69.78639288121745,52.75266339689298,-9.93656945496041,viscosity,compact_v3_full
ridge,alpha_0.3,3,,360.2855517236054,208.15014633517998,-0.024608729557266784,viscosity,compact_v3_full
ridge,alpha_0.3,4,,76.85460045529581,56.714149201119525,-5.854436900896889,viscosity,compact_v3_full
ridge,alpha_0.3,5,,159.2927025958482,124.85263647272798,-17.633641960203516,viscosity,compact_v3_full
ridge,alpha_1.0,1,,92.34568578751656,80.62758309511634,-11.211882525808418,viscosity,compact_v3_full
ridge,alpha_1.0,2,,58.72215820655457,44.170414120603056,-6.7436128298729825,viscosity,compact_v3_full
ridge,alpha_1.0,3,,364.9873856417753,209.9503328855356,-0.05152613005693185,viscosity,compact_v3_full
ridge,alpha_1.0,4,,67.58275457113423,40.06652158055481,-4.300341140426894,viscosity,compact_v3_full
ridge,alpha_1.0,5,,147.41024878982455,113.87211013867466,-14.957371041779309,viscosity,compact_v3_full
ridge,alpha_3.0,1,,95.47769454404805,83.22883636288653,-12.054289621353997,viscosity,compact_v3_full
ridge,alpha_3.0,2,,47.614773692948845,37.77528837852607,-4.091234046631229,viscosity,compact_v3_full
ridge,alpha_3.0,3,,377.03280591977875,216.65526947759267,-0.12207694586847273,viscosity,compact_v3_full
ridge,alpha_3.0,4,,69.22916037157529,42.13000511031423,-4.561733478724115,viscosity,compact_v3_full
ridge,alpha_3.0,5,,134.98174372618558,103.05126494588637,-12.379998150025074,viscosity,compact_v3_full
ridge,alpha_10.0,1,,77.93044056204822,68.07878245053986,-7.696883631527351,viscosity,compact_v3_full
ridge,alpha_10.0,2,,31.830841318508053,23.306047101614162,-1.2752852338374772,viscosity,compact_v3_full
ridge,alpha_10.0,3,,390.489501957102,223.25106850535278,-0.2036025092659135,viscosity,compact_v3_full
ridge,alpha_10.0,4,,76.15961382984244,50.290218740748095,-5.731029766412686,viscosity,compact_v3_full
ridge,alpha_10.0,5,,128.04771883911397,93.08148158721897,-11.040642917476882,viscosity,compact_v3_full
ridge,alpha_30.0,1,,52.06417477157983,42.892756007529165,-2.881748326316437,viscosity,compact_v3_full
ridge,alpha_30.0,2,,26.809357689270062,23.54960300703544,-0.6140330796549196,viscosity,compact_v3_full
ridge,alpha_30.0,3,,394.19839572118883,224.8468185974707,-0.22657487423440625,viscosity,compact_v3_full
ridge,alpha_30.0,4,,80.80278458381065,53.43591003460619,-6.576780388741727,viscosity,compact_v3_full
ridge,alpha_30.0,5,,128.95607637156246,85.0399385101873,-11.212079043224167,viscosity,compact_v3_full
ridge,alpha_100.0,1,,34.8735403251233,24.088766489442097,-0.7415721599950196,viscosity,compact_v3_full
ridge,alpha_100.0,2,,26.73740060951716,24.50087544122766,-0.6053804856345055,viscosity,compact_v3_full
ridge,alpha_100.0,3,,392.7534530669172,223.00468663609516,-0.217599281658571,viscosity,compact_v3_full
ridge,alpha_100.0,4,,73.1955124556753,46.753673241316214,-5.217287578812528,viscosity,compact_v3_full
ridge,alpha_100.0,5,,128.64174658311362,75.70635409798699,-11.152617837187236,viscosity,compact_v3_full
pls,ncomp_2,1,,29.998162467091355,25.71289107683818,-0.2886610496251274,viscosity,compact_v3_full
pls,ncomp_2,2,,24.696264172724717,19.174346492039756,-0.3696264592446994,viscosity,compact_v3_full
pls,ncomp_2,3,,384.79614123598964,215.42013395616314,-0.1687611731120644,viscosity,compact_v3_full
pls,ncomp_2,4,,66.71344113200163,43.06124208012119,-4.164862088594846,viscosity,compact_v3_full
pls,ncomp_2,5,,136.22379761799627,78.42819498578173,-12.627366985142817,viscosity,compact_v3_full
pls,ncomp_3,1,,46.52737357136595,37.52598287553698,-2.10003410367743,viscosity,compact_v3_full
pls,ncomp_3,2,,35.572230484255996,29.18082516561622,-1.841592568901052,viscosity,compact_v3_full
pls,ncomp_3,3,,391.15387889734706,223.2305346598772,-0.20770160030454088,viscosity,compact_v3_full
pls,ncomp_3,4,,90.33105831738298,56.775140926258416,-8.469046330215265,viscosity,compact_v3_full
pls,ncomp_3,5,,147.21876805785175,85.38366512103887,-14.915941838585288,viscosity,compact_v3_full
pls,ncomp_4,1,,71.53773391848792,59.35097026318034,-6.328578669290647,viscosity,compact_v3_full
pls,ncomp_4,2,,36.97362821632247,32.75126615884371,-2.0698966364863325,viscosity,compact_v3_full
pls,ncomp_4,3,,390.57545158602244,221.9335514869022,-0.20413241121455306,viscosity,compact_v3_full
pls,ncomp_4,4,,94.99687475269494,63.430740341839886,-9.472507508657756,viscosity,compact_v3_full
pls,ncomp_4,5,,140.76726630108212,80.56580294199371,-13.55155276606698,viscosity,compact_v3_full
pls,ncomp_5,1,,94.71921899384013,79.69272904673788,-11.847706684644791,viscosity,compact_v3_full
pls,ncomp_5,2,,40.26187529834971,34.41197601477132,-2.6402198368277934,viscosity,compact_v3_full
pls,ncomp_5,3,,393.6634058826786,227.82201900775397,-0.22324781956481665,viscosity,compact_v3_full
pls,ncomp_5,4,,113.33801147947024,80.49667321659226,-13.906758714274217,viscosity,compact_v3_full
pls,ncomp_5,5,,130.06490370716412,98.43773181915888,-11.422992772779198,viscosity,compact_v3_full
pls,ncomp_6,1,,114.77804696247424,102.83141652424172,-17.86544515531624,viscosity,compact_v3_full
pls,ncomp_6,2,,39.31962921566739,34.088783969463805,-2.4718299135241715,viscosity,compact_v3_full
pls,ncomp_6,3,,402.09734608793264,231.70702893611917,-0.2762236035019352,viscosity,compact_v3_full
pls,ncomp_6,4,,109.65365015757577,80.05585110316827,-12.95334173323736,viscosity,compact_v3_full
pls,ncomp_6,5,,134.3192974849755,108.51989342748023,-12.248991102905483,viscosity,compact_v3_full
pls,ncomp_7,1,,132.59910409068368,118.30894440704506,-24.178541863627462,viscosity,compact_v3_full
pls,ncomp_7,2,,37.918257232838364,31.087443110075586,-2.2287643552380065,viscosity,compact_v3_full
pls,ncomp_7,3,,405.96167932295185,235.39760248828213,-0.3008716221923011,viscosity,compact_v3_full
pls,ncomp_7,4,,89.7809425011074,61.336053448762534,-8.354064603380339,viscosity,compact_v3_full
pls,ncomp_7,5,,130.79157435848316,103.3079802969574,-11.562194694787822,viscosity,compact_v3_full
pls,ncomp_8,1,,121.79357087869982,106.71426035660745,-20.242133002965982,viscosity,compact_v3_full
pls,ncomp_8,2,,56.61360394129588,44.87081399433605,-6.197492447783834,viscosity,compact_v3_full
pls,ncomp_8,3,,405.91698433745785,236.73328411387985,-0.30058519497217984,viscosity,compact_v3_full
pls,ncomp_8,4,,77.19115638442081,48.9468145830347,-5.914601223429827,viscosity,compact_v3_full
pls,ncomp_8,5,,122.75469312899939,95.32649402434744,-10.065784160172393,viscosity,compact_v3_full
pls,ncomp_9,1,,138.69401879566647,117.56392587335971,-26.546400730496167,viscosity,compact_v3_full
pls,ncomp_9,2,,72.37283926076424,61.473611628588216,-10.762261616051665,viscosity,compact_v3_full
pls,ncomp_9,3,,401.4266681203824,232.94668669390734,-0.2719698016166867,viscosity,compact_v3_full
pls,ncomp_9,4,,77.3537741588728,49.49113675011422,-5.943765742646805,viscosity,compact_v3_full
pls,ncomp_9,5,,121.70087371061337,96.06026508124359,-9.876605513811038,viscosity,compact_v3_full
pls,ncomp_10,1,,135.00902921873885,114.01234645206601,-25.102074515858504,viscosity,compact_v3_full
pls,ncomp_10,2,,83.51662686048384,74.66054596090846,-14.6633807102869,viscosity,compact_v3_full
pls,ncomp_10,3,,386.28978070932914,222.9414151581544,-0.17785219944459785,viscosity,compact_v3_full
pls,ncomp_10,4,,79.75537421926501,54.911435045692116,-6.3816246660530265,viscosity,compact_v3_full
pls,ncomp_10,5,,122.03039809122387,102.03700572703589,-9.935585517056289,viscosity,compact_v3_full
pls,ncomp_11,1,,126.25422968809431,108.14524715234832,-21.8266021337641,viscosity,compact_v3_full
pls,ncomp_11,2,,91.71452035399959,85.11296843234481,-17.88929770979026,viscosity,compact_v3_full
pls,ncomp_11,3,,370.39233559417573,213.91336802960194,-0.08289997065718668,viscosity,compact_v3_full
pls,ncomp_11,4,,82.65465047463876,57.89881776795901,-6.928054591604887,viscosity,compact_v3_full
pls,ncomp_11,5,,134.37129011935772,110.26517765820665,-12.25924999025956,viscosity,compact_v3_full
pls,ncomp_12,1,,124.44346406469131,106.27060035260943,-21.17652936212083,viscosity,compact_v3_full
pls,ncomp_12,2,,93.5915134435262,88.42628166077807,-18.67037110934111,viscosity,compact_v3_full
pls,ncomp_12,3,,352.78239287960594,205.0990540528108,0.017623053045635717,viscosity,compact_v3_full
pls,ncomp_12,4,,83.50382480757358,59.32935668893937,-7.091793315607163,viscosity,compact_v3_full
pls,ncomp_12,5,,137.33808504535787,111.17815542495524,-12.851217861688735,viscosity,compact_v3_full
mlp,relu_small,1,27.0,32.99815260329046,23.15931314159105,-0.5592963039678926,viscosity,viscosity_focus
mlp,relu_small,2,27.0,22.26533174572726,20.258954311958366,-0.11326345791485615,viscosity,viscosity_focus
mlp,relu_small,3,27.0,418.0637972519601,244.58642100496863,-0.37958823151976784,viscosity,viscosity_focus
mlp,relu_small,4,27.0,35.88239172842326,26.822252081385113,-0.4941521041296275,viscosity,viscosity_focus
mlp,relu_small,5,27.0,77.60888292229225,40.44031494424355,-3.4231213017742537,viscosity,viscosity_focus
mlp,relu_mid,1,27.0,29.12144836942081,21.42223931184764,-0.21443797290791955,viscosity,viscosity_focus
mlp,relu_mid,2,27.0,20.409587697802177,18.31334881940177,0.06457693100305317,viscosity,viscosity_focus
mlp,relu_mid,3,27.0,396.3376723464772,229.85479064497957,-0.23992400521631496,viscosity,viscosity_focus
mlp,relu_mid,4,27.0,30.74693541231465,26.641543978467343,-0.09707347720684711,viscosity,viscosity_focus
mlp,relu_mid,5,27.0,81.83623002282648,45.86997074158018,-3.9180984008460236,viscosity,viscosity_focus
mlp,relu_wide,1,27.0,40.10621462081273,33.98742751474367,-1.303417930739457,viscosity,viscosity_focus
mlp,relu_wide,2,27.0,24.308203548654088,20.92329586231483,-0.32692183869877534,viscosity,viscosity_focus
mlp,relu_wide,3,27.0,380.03395531853613,220.60536362820346,-0.14001131703424363,viscosity,viscosity_focus
mlp,relu_wide,4,27.0,23.873123646327354,17.927971185924683,0.3386207895124467,viscosity,viscosity_focus
mlp,relu_wide,5,27.0,63.726715068357066,35.46040184637937,-1.9822843526131826,viscosity,viscosity_focus
mlp,tanh_mid,1,27.0,30.1819387484485,21.97307877900431,-0.3044987371267429,viscosity,viscosity_focus
mlp,tanh_mid,2,27.0,25.31526650019714,23.101109223582267,-0.4391452232592472,viscosity,viscosity_focus
mlp,tanh_mid,3,27.0,406.7906558258797,234.8561633547447,-0.30618982390937544,viscosity,viscosity_focus
mlp,tanh_mid,4,27.0,26.685523277658703,21.501771298191517,0.17361297221830285,viscosity,viscosity_focus
mlp,tanh_mid,5,27.0,55.60438973875644,34.44928489604638,-1.2705137823399872,viscosity,viscosity_focus
mlp,tanh_wide,1,27.0,29.16837642648021,19.416811875365006,-0.21835516365359497,viscosity,viscosity_focus
mlp,tanh_wide,2,27.0,26.378264797732793,22.549726274711702,-0.5625432977344886,viscosity,viscosity_focus
mlp,tanh_wide,3,27.0,410.46865436618936,238.0014744572644,-0.32991643919451774,viscosity,viscosity_focus
mlp,tanh_wide,4,27.0,37.28113809297518,26.561446360659875,-0.6129108671762933,viscosity,viscosity_focus
mlp,tanh_wide,5,27.0,66.61735080601302,41.81389443788784,-2.2589725390212774,viscosity,viscosity_focus
mlp,relu_deep,1,27.0,40.96359686456946,29.73162915187589,-1.402954586322235,viscosity,viscosity_focus
mlp,relu_deep,2,27.0,20.948303099547807,19.434263864529402,0.014543833850825694,viscosity,viscosity_focus
mlp,relu_deep,3,27.0,396.86402395405725,227.09434570214506,-0.24321952518217205,viscosity,viscosity_focus
mlp,relu_deep,4,27.0,32.14615643731516,21.54568613436507,-0.19919594764365378,viscosity,viscosity_focus
mlp,relu_deep,5,27.0,67.83251991693713,37.11833438972418,-2.378950947156798,viscosity,viscosity_focus
ridge,alpha_0.1,1,,50.16616667425462,42.314348018891266,-2.603887534872739,viscosity,viscosity_focus
ridge,alpha_0.1,2,,69.25685332173316,59.542436577472614,-9.771225652283295,viscosity,viscosity_focus
ridge,alpha_0.1,3,,482.5204233601381,312.6308065096158,-0.8377894731437083,viscosity,viscosity_focus
ridge,alpha_0.1,4,,101.21936637769178,69.74062254514727,-10.889381789724665,viscosity,viscosity_focus
ridge,alpha_0.1,5,,84.38780579426256,77.2140789549419,-4.229562702382157,viscosity,viscosity_focus
ridge,alpha_0.3,1,,69.8902854192918,62.623490610562705,-5.994924387569805,viscosity,viscosity_focus
ridge,alpha_0.3,2,,64.58847866903734,54.26927331163314,-8.368061293518881,viscosity,viscosity_focus
ridge,alpha_0.3,3,,453.3310326038278,273.26184244576046,-0.6221658645463097,viscosity,viscosity_focus
ridge,alpha_0.3,4,,84.07686852971655,55.63172970359446,-7.203234004103711,viscosity,viscosity_focus
ridge,alpha_0.3,5,,87.65681695158777,73.73650113356209,-4.642575483164842,viscosity,viscosity_focus
ridge,alpha_1.0,1,,97.24088687334336,87.77585564520385,-12.540890259537752,viscosity,viscosity_focus
ridge,alpha_1.0,2,,56.946730281404854,48.808463187408016,-6.28244476875963,viscosity,viscosity_focus
ridge,alpha_1.0,3,,439.12357055146487,264.2963483556873,-0.5220813244622919,viscosity,viscosity_focus
ridge,alpha_1.0,4,,72.54965537265699,42.68198097428877,-5.108052371807238,viscosity,viscosity_focus
ridge,alpha_1.0,5,,98.18167737469797,83.07577065861442,-6.078917974095542,viscosity,viscosity_focus
ridge,alpha_3.0,1,,100.38350264428998,90.59224208513099,-13.430257694277064,viscosity,viscosity_focus
ridge,alpha_3.0,2,,47.37333648669406,40.22996643844219,-4.039733355455817,viscosity,viscosity_focus
ridge,alpha_3.0,3,,431.8579216138175,258.831665378997,-0.47212992092989836,viscosity,viscosity_focus
ridge,alpha_3.0,4,,72.75220447701246,44.07409350903633,-5.142205740383443,viscosity,viscosity_focus
ridge,alpha_3.0,5,,104.1572560065707,85.97458527590045,-6.966820736123032,viscosity,viscosity_focus
ridge,alpha_10.0,1,,78.65958314498621,71.18667656902956,-7.860386715403372,viscosity,viscosity_focus
ridge,alpha_10.0,2,,34.50918944930707,27.075497063669545,-1.6742938809426433,viscosity,viscosity_focus
ridge,alpha_10.0,3,,422.62903549480603,247.777224973893,-0.40988282650768704,viscosity,viscosity_focus
ridge,alpha_10.0,4,,77.11229891544932,48.9049183347031,-5.900480708653938,viscosity,viscosity_focus
ridge,alpha_10.0,5,,111.20367913262076,85.70582911453054,-8.08122209168995,viscosity,viscosity_focus
ridge,alpha_30.0,1,,47.79079893106796,40.59025938242841,-2.270679416320788,viscosity,viscosity_focus
ridge,alpha_30.0,2,,27.31331185045257,19.926396758084945,-0.6752836106819298,viscosity,viscosity_focus
ridge,alpha_30.0,3,,410.9468202424905,236.40991436752296,-0.333016754179595,viscosity,viscosity_focus
ridge,alpha_30.0,4,,80.12856935646727,50.99437517965477,-6.450867187220831,viscosity,viscosity_focus
ridge,alpha_30.0,5,,120.09190882634847,82.73673952901129,-9.590914958054245,viscosity,viscosity_focus
ridge,alpha_100.0,1,,32.08213821865604,23.58467733930167,-0.47392711120301656,viscosity,viscosity_focus
ridge,alpha_100.0,2,,23.3441258417077,18.55996453589421,-0.22375602954771856,viscosity,viscosity_focus
ridge,alpha_100.0,3,,400.15291550623374,228.68964526350652,-0.263910524399112,viscosity,viscosity_focus
ridge,alpha_100.0,4,,73.51302566980141,46.558226345193056,-5.271344242549654,viscosity,viscosity_focus
ridge,alpha_100.0,5,,125.53897853138811,75.81338773939636,-10.573458702782105,viscosity,viscosity_focus
pls,ncomp_2,1,,46.51943753020466,38.70504864171987,-2.09897666594933,viscosity,viscosity_focus
pls,ncomp_2,2,,25.493633794837894,20.326831431989046,-0.4594966393483162,viscosity,viscosity_focus
pls,ncomp_2,3,,387.44159740984804,219.0382685785392,-0.1848867756723045,viscosity,viscosity_focus
pls,ncomp_2,4,,74.82666218923912,50.84684260058558,-5.497477593748331,viscosity,viscosity_focus
pls,ncomp_2,5,,138.5659312658294,76.03868309746159,-13.099993577948553,viscosity,viscosity_focus
pls,ncomp_3,1,,42.083748481622266,31.841269214775036,-1.53616922798362,viscosity,viscosity_focus
pls,ncomp_3,2,,38.119969547622915,26.468828549023915,-2.263207595960308,viscosity,viscosity_focus
pls,ncomp_3,3,,396.59006671499577,227.85695259390977,-0.2415037161747191,viscosity,viscosity_focus
pls,ncomp_3,4,,95.65567644466749,60.50006956151854,-9.61826449207362,viscosity,viscosity_focus
pls,ncomp_3,5,,145.087160809316,84.97758090413397,-14.458378945035626,viscosity,viscosity_focus
pls,ncomp_4,1,,66.3186730379405,55.15551841844677,-5.298266773524791,viscosity,viscosity_focus
pls,ncomp_4,2,,36.71609443234172,26.99363257689883,-2.027279845536911,viscosity,viscosity_focus
pls,ncomp_4,3,,402.5163821657227,231.05503084964113,-0.27888496097868876,viscosity,viscosity_focus
pls,ncomp_4,4,,99.01698390360832,64.56087312455108,-10.377620175306436,viscosity,viscosity_focus
pls,ncomp_4,5,,132.61728557361474,81.17123693332086,-11.915352205616223,viscosity,viscosity_focus
pls,ncomp_5,1,,66.66075691165231,54.071134931973454,-5.363409579951578,viscosity,viscosity_focus
pls,ncomp_5,2,,42.00364759546568,33.133823803436144,-2.961992284777867,viscosity,viscosity_focus
pls,ncomp_5,3,,411.4489012372308,238.7973349461556,-0.3362760140073815,viscosity,viscosity_focus
pls,ncomp_5,4,,100.63675059666875,64.41077428354552,-10.752905815493287,viscosity,viscosity_focus
pls,ncomp_5,5,,117.4222855328402,92.96005716746397,-9.125280043717506,viscosity,viscosity_focus
pls,ncomp_6,1,,110.84333060736132,101.35998564491057,-16.59415971475921,viscosity,viscosity_focus
pls,ncomp_6,2,,41.60614002477072,33.005978898423095,-2.887357353400331,viscosity,viscosity_focus
pls,ncomp_6,3,,425.6408090383923,252.0222441648768,-0.43004887009404835,viscosity,viscosity_focus
pls,ncomp_6,4,,91.53748107904667,60.17210134545327,-8.723664355729625,viscosity,viscosity_focus
pls,ncomp_6,5,,120.31127526954667,100.28194469417292,-9.629642184438659,viscosity,viscosity_focus
pls,ncomp_7,1,,159.18561061332923,142.3873533938901,-35.287496880705916,viscosity,viscosity_focus
pls,ncomp_7,2,,51.40963117173684,44.59920473286934,-4.935107498314725,viscosity,viscosity_focus
pls,ncomp_7,3,,433.46200787267355,261.73020112085027,-0.4830863437527777,viscosity,viscosity_focus
pls,ncomp_7,4,,85.29956292705239,55.017040776378465,-7.443561214472481,viscosity,viscosity_focus
pls,ncomp_7,5,,106.40760517577233,92.1543328236563,-7.314790727863953,viscosity,viscosity_focus
pls,ncomp_8,1,,148.48264649541989,130.74362545999546,-30.57190558969312,viscosity,viscosity_focus
pls,ncomp_8,2,,49.30640810291323,40.319372256215274,-4.459417973054751,viscosity,viscosity_focus
pls,ncomp_8,3,,440.1416158503114,270.57803752910667,-0.5291469617610225,viscosity,viscosity_focus
pls,ncomp_8,4,,74.95638979906623,44.784863159664646,-5.520026585960154,viscosity,viscosity_focus
pls,ncomp_8,5,,95.14503284993799,82.73011887257276,-5.647804296679262,viscosity,viscosity_focus
pls,ncomp_9,1,,164.03550157128836,144.38735123609075,-37.53231464664304,viscosity,viscosity_focus
pls,ncomp_9,2,,47.8130945154796,39.99654495455164,-4.133733481027318,viscosity,viscosity_focus
pls,ncomp_9,3,,441.82553124970553,272.7874718094558,-0.5408699150872662,viscosity,viscosity_focus
pls,ncomp_9,4,,79.27649320053857,50.581439435220986,-6.293246735777021,viscosity,viscosity_focus
pls,ncomp_9,5,,91.38674193854322,75.09168182313265,-5.132991656938191,viscosity,viscosity_focus
pls,ncomp_10,1,,171.3438081369894,155.46487547168414,-41.04227668442938,viscosity,viscosity_focus
pls,ncomp_10,2,,70.74922902355001,57.23186157465337,-10.240432871950333,viscosity,viscosity_focus
pls,ncomp_10,3,,442.8523523609023,273.557069380145,-0.5480403305270265,viscosity,viscosity_focus
pls,ncomp_10,4,,78.23725359024453,50.506944017971016,-6.103284969872776,viscosity,viscosity_focus
pls,ncomp_10,5,,99.64793114578985,83.10690404466918,-6.291931126083995,viscosity,viscosity_focus
pls,ncomp_11,1,,117.9042167396733,105.02064825618528,-18.90710335438593,viscosity,viscosity_focus
pls,ncomp_11,2,,73.11588656634531,64.7567993923628,-11.005026249140633,viscosity,viscosity_focus
pls,ncomp_11,3,,436.23192750834215,265.0543243604559,-0.5021014155582539,viscosity,viscosity_focus
pls,ncomp_11,4,,75.62512962500739,48.34867706623393,-5.636885247413509,viscosity,viscosity_focus
pls,ncomp_11,5,,100.99233934403526,84.11654873825245,-6.490017791815738,viscosity,viscosity_focus
pls,ncomp_12,1,,107.43007480812628,94.41986200446985,-15.527271157617541,viscosity,viscosity_focus
pls,ncomp_12,2,,76.39919475136094,70.24882591458113,-12.107418784670026,viscosity,viscosity_focus
pls,ncomp_12,3,,438.1104749541375,266.71603329696046,-0.5150662826245012,viscosity,viscosity_focus
pls,ncomp_12,4,,82.04365791717272,49.74120828096415,-6.8112776482802975,viscosity,viscosity_focus
pls,ncomp_12,5,,104.94195496146278,88.87685346225697,-7.087313635082857,viscosity,viscosity_focus
mlp,relu_small,1,29.0,40.6907708432599,31.85933488295675,-1.4218272504306184,oxidation,compact_v3_full
mlp,relu_small,2,29.0,32.15523297715101,24.33479212661128,0.40141733259622747,oxidation,compact_v3_full
mlp,relu_small,3,30.0,68.23470525760638,50.87055777608933,-2.2068854344498345,oxidation,compact_v3_full
mlp,relu_small,4,30.0,33.83630700266882,25.950344399287655,-0.20799231491966208,oxidation,compact_v3_full
mlp,relu_small,5,30.0,31.978962442133465,22.392394892654412,-3.6720812619786756,oxidation,compact_v3_full
mlp,relu_mid,1,29.0,32.29776509795552,26.37265612855902,-0.5257952915848594,oxidation,compact_v3_full
mlp,relu_mid,2,29.0,36.76972278207771,26.933044104404868,0.2172888377973604,oxidation,compact_v3_full
mlp,relu_mid,3,30.0,52.21548159059457,44.3921100548918,-0.8778953261998874,oxidation,compact_v3_full
mlp,relu_mid,4,30.0,31.523001360189557,22.086133290592684,-0.048463652855555095,oxidation,compact_v3_full
mlp,relu_mid,5,30.0,16.699005872928513,11.888544655342379,-0.27398080600657826,oxidation,compact_v3_full
mlp,relu_wide,1,29.0,40.71596543808587,32.96143494038346,-1.4248272351962195,oxidation,compact_v3_full
mlp,relu_wide,2,29.0,39.85638115426704,33.89982097548052,0.08036277346875798,oxidation,compact_v3_full
mlp,relu_wide,3,30.0,81.35709349890276,56.64028732713762,-3.5589376753442554,oxidation,compact_v3_full
mlp,relu_wide,4,30.0,25.0053850134175,18.23032945840291,0.34027134231874223,oxidation,compact_v3_full
mlp,relu_wide,5,30.0,22.61760586150049,13.5809172183813,-1.3370871815951402,oxidation,compact_v3_full
mlp,tanh_mid,1,29.0,33.80454646205445,27.00606872005036,-0.6714814240426259,oxidation,compact_v3_full
mlp,tanh_mid,2,29.0,28.991114925600307,22.926299021135524,0.5134240365914886,oxidation,compact_v3_full
mlp,tanh_mid,3,30.0,38.15963709097171,32.78215622317139,-0.0029546051082598446,oxidation,compact_v3_full
mlp,tanh_mid,4,30.0,150.15738586872007,88.71454320066613,-22.789847372245767,oxidation,compact_v3_full
mlp,tanh_mid,5,30.0,33.88688887227643,21.05961071286617,-4.246202461670185,oxidation,compact_v3_full
mlp,tanh_wide,1,29.0,32.7781849821757,26.84035051783279,-0.5715244089290079,oxidation,compact_v3_full
mlp,tanh_wide,2,29.0,35.200725139265046,26.095005537163356,0.2826616718295146,oxidation,compact_v3_full
mlp,tanh_wide,3,30.0,40.327308032186316,35.238298682217916,-0.12013732840264435,oxidation,compact_v3_full
mlp,tanh_wide,4,30.0,38.03991777071962,29.086036401393827,-0.5267832854694241,oxidation,compact_v3_full
mlp,tanh_wide,5,30.0,24.239139111301437,15.95383025582819,-1.6842071713300406,oxidation,compact_v3_full
mlp,relu_deep,1,29.0,48.35381996970991,36.21744803681662,-2.4198960502281994,oxidation,compact_v3_full
mlp,relu_deep,2,29.0,37.91880725694555,28.42228233710708,0.1676036786590076,oxidation,compact_v3_full
mlp,relu_deep,3,30.0,147.0084415774828,124.08123970261956,-13.885291798683857,oxidation,compact_v3_full
mlp,relu_deep,4,30.0,28.474792702949127,22.067058167737795,0.14450120908670483,oxidation,compact_v3_full
mlp,relu_deep,5,30.0,31.708100190636536,24.377705549608176,-3.593271257349963,oxidation,compact_v3_full
ridge,alpha_0.1,1,,24.44979557518667,20.68451557804319,0.12561682575440503,oxidation,compact_v3_full
ridge,alpha_0.1,2,,21.77385845582665,16.592939013277622,0.7255320700229506,oxidation,compact_v3_full
ridge,alpha_0.1,3,,96.31920410025668,84.76656563593951,-5.389966418507891,oxidation,compact_v3_full
ridge,alpha_0.1,4,,24.806602375463797,17.602352365842435,0.3507187989499567,oxidation,compact_v3_full
ridge,alpha_0.1,5,,38.60588965303256,26.109446839927646,-5.809085381798533,oxidation,compact_v3_full
ridge,alpha_0.3,1,,21.64344793873636,17.901967163657606,0.31482071757573216,oxidation,compact_v3_full
ridge,alpha_0.3,2,,22.216061388982173,18.105984878665375,0.7142705865011383,oxidation,compact_v3_full
ridge,alpha_0.3,3,,89.42226290846914,76.13416181552034,-4.507621884886801,oxidation,compact_v3_full
ridge,alpha_0.3,4,,24.04216491287544,17.116444486745532,0.39011858185274295,oxidation,compact_v3_full
ridge,alpha_0.3,5,,41.918663109653004,27.350298340361647,-7.027799126525329,oxidation,compact_v3_full
ridge,alpha_1.0,1,,20.585329124092265,16.96248323447292,0.3801780425409377,oxidation,compact_v3_full
ridge,alpha_1.0,2,,23.006633734399855,19.68882936121163,0.6935730395777129,oxidation,compact_v3_full
ridge,alpha_1.0,3,,75.53382746744792,63.386039809022826,-2.9296673551308303,oxidation,compact_v3_full
ridge,alpha_1.0,4,,23.467881156306365,17.098970259775033,0.41890649886217535,oxidation,compact_v3_full
ridge,alpha_1.0,5,,43.020276069682296,27.69665478515678,-7.45528081811384,oxidation,compact_v3_full
ridge,alpha_3.0,1,,21.739304500226176,17.500786394439736,0.3087381033129122,oxidation,compact_v3_full
ridge,alpha_3.0,2,,23.17698410286919,19.70198643412639,0.689018422773124,oxidation,compact_v3_full
ridge,alpha_3.0,3,,59.507466947460664,48.13360978921214,-1.4390220879598963,oxidation,compact_v3_full
ridge,alpha_3.0,4,,22.840287383122693,16.521955565266268,0.44957090011325795,oxidation,compact_v3_full
ridge,alpha_3.0,5,,41.32497561643086,26.704896452671747,-6.802016455852052,oxidation,compact_v3_full
ridge,alpha_10.0,1,,24.26910171349639,19.134185300969065,0.13849315807056894,oxidation,compact_v3_full
ridge,alpha_10.0,2,,24.141589823814606,18.45027254437118,0.662594195444435,oxidation,compact_v3_full
ridge,alpha_10.0,3,,44.01500313490698,37.94280827747155,-0.3343638860353948,oxidation,compact_v3_full
ridge,alpha_10.0,4,,22.035379086473156,16.326557208842814,0.48768235897618206,oxidation,compact_v3_full
ridge,alpha_10.0,5,,37.68510080135568,24.735830215575888,-5.488151953278828,oxidation,compact_v3_full
ridge,alpha_30.0,1,,26.526973751795246,20.455918215191044,-0.02926390418871505,oxidation,compact_v3_full
ridge,alpha_30.0,2,,27.197656419293825,19.394177123543464,0.5717633998875784,oxidation,compact_v3_full
ridge,alpha_30.0,3,,38.11096488199417,33.62249847703901,-0.0003977210443326662,oxidation,compact_v3_full
ridge,alpha_30.0,4,,22.49375198131812,17.534907039179394,0.4661465392670363,oxidation,compact_v3_full
ridge,alpha_30.0,5,,32.80864703300588,22.33353138185816,-3.9176576627969695,oxidation,compact_v3_full
ridge,alpha_100.0,1,,26.718924100690142,20.426817318540373,-0.04421339455775519,oxidation,compact_v3_full
ridge,alpha_100.0,2,,31.113078872652014,24.610118856868315,0.4395888132210821,oxidation,compact_v3_full
ridge,alpha_100.0,3,,38.754827793726015,32.772918951598484,-0.03448554863815079,oxidation,compact_v3_full
ridge,alpha_100.0,4,,24.308615774865714,19.603625875296895,0.3765254703870111,oxidation,compact_v3_full
ridge,alpha_100.0,5,,26.815421663612398,20.642572766529003,-2.2851175244799085,oxidation,compact_v3_full
pls,ncomp_2,1,,37.10522376203756,29.895516106766237,-1.0138236511873555,oxidation,compact_v3_full
pls,ncomp_2,2,,33.178665951497216,26.052081922117917,0.3627077224024414,oxidation,compact_v3_full
pls,ncomp_2,3,,47.942977426233035,35.91602087407977,-0.583152710054629,oxidation,compact_v3_full
pls,ncomp_2,4,,27.20209003695579,21.754790429971422,0.2192665165402412,oxidation,compact_v3_full
pls,ncomp_2,5,,21.985383519138573,18.160686296811075,-1.2082576414916302,oxidation,compact_v3_full
pls,ncomp_3,1,,41.52659021028805,33.66856570612613,-1.522341420325941,oxidation,compact_v3_full
pls,ncomp_3,2,,29.410637668437644,21.10718509180108,0.49923992283298724,oxidation,compact_v3_full
pls,ncomp_3,3,,43.660337513460064,36.239575436684795,-0.3129463571890472,oxidation,compact_v3_full
pls,ncomp_3,4,,24.851854697609035,20.080285507168202,0.3483477946062433,oxidation,compact_v3_full
pls,ncomp_3,5,,33.61495212618659,24.412477654962817,-4.162340471576067,oxidation,compact_v3_full
pls,ncomp_4,1,,29.9283244020871,24.024635728035236,-0.31013525237321327,oxidation,compact_v3_full
pls,ncomp_4,2,,31.180417530840412,21.662406879639164,0.43716036984248463,oxidation,compact_v3_full
pls,ncomp_4,3,,36.37665313813477,30.797351584648656,0.0885805692698024,oxidation,compact_v3_full
pls,ncomp_4,4,,24.013962308364395,19.992980196349365,0.39154858253229674,oxidation,compact_v3_full
pls,ncomp_4,5,,33.168387362328,24.052990330049,-4.0260911858496815,oxidation,compact_v3_full
pls,ncomp_5,1,,27.5702253059922,22.467914315817712,-0.111813537264557,oxidation,compact_v3_full
pls,ncomp_5,2,,26.82883234249102,18.573477195876958,0.5832991761247027,oxidation,compact_v3_full
pls,ncomp_5,3,,41.802628073877486,34.00591196253657,-0.2035938985545287,oxidation,compact_v3_full
pls,ncomp_5,4,,23.435424580936424,17.412340546423394,0.4205127165510254,oxidation,compact_v3_full
pls,ncomp_5,5,,35.476842647737456,24.431471989553433,-4.750049368696565,oxidation,compact_v3_full
pls,ncomp_6,1,,28.401970994114624,22.41078625994045,-0.17990838198920578,oxidation,compact_v3_full
pls,ncomp_6,2,,24.18180908083762,18.402832963095445,0.6614690404996573,oxidation,compact_v3_full
pls,ncomp_6,3,,38.56754606913285,34.585889738184434,-0.024511456313623503,oxidation,compact_v3_full
pls,ncomp_6,4,,22.198844816884527,15.814988307103162,0.48005308187354556,oxidation,compact_v3_full
pls,ncomp_6,5,,37.176871054118436,24.32658093327571,-5.314330653392863,oxidation,compact_v3_full
pls,ncomp_7,1,,24.915167712765392,19.164280586393605,0.09201440824963214,oxidation,compact_v3_full
pls,ncomp_7,2,,18.877733722413186,15.16246333875876,0.7936898817800533,oxidation,compact_v3_full
pls,ncomp_7,3,,39.758587275470255,34.87700221107511,-0.08876636042985275,oxidation,compact_v3_full
pls,ncomp_7,4,,22.56841189112648,16.61023832668511,0.462596789319513,oxidation,compact_v3_full
pls,ncomp_7,5,,42.36171359827908,27.11926038598055,-7.19839217810998,oxidation,compact_v3_full
pls,ncomp_8,1,,24.013786161364443,18.936280677260644,0.15652424201268966,oxidation,compact_v3_full
pls,ncomp_8,2,,21.600100052875735,18.50285629889529,0.729895175298547,oxidation,compact_v3_full
pls,ncomp_8,3,,45.26332313131817,38.747322225615015,-0.4111256192883814,oxidation,compact_v3_full
pls,ncomp_8,4,,25.632476473107474,19.19950316854551,0.30676673744529237,oxidation,compact_v3_full
pls,ncomp_8,5,,42.60982859413309,26.588709558295193,-7.294710335114612,oxidation,compact_v3_full
pls,ncomp_9,1,,19.943606847874463,14.398562679439465,0.41822006911744336,oxidation,compact_v3_full
pls,ncomp_9,2,,23.35904602229201,20.37998826111208,0.6841135328520589,oxidation,compact_v3_full
pls,ncomp_9,3,,51.00757963891208,42.08071616121977,-0.7920174644019187,oxidation,compact_v3_full
pls,ncomp_9,4,,24.505767067871634,18.352092258861703,0.36637127091538235,oxidation,compact_v3_full
pls,ncomp_9,5,,44.144121983531605,28.30930742534611,-7.9028163856185305,oxidation,compact_v3_full
pls,ncomp_10,1,,19.253085548336653,14.393613964600256,0.45780936951083573,oxidation,compact_v3_full
pls,ncomp_10,2,,24.873211466157713,22.028908664501582,0.641833848533202,oxidation,compact_v3_full
pls,ncomp_10,3,,63.02588293091807,52.12493856937076,-1.7359659118047905,oxidation,compact_v3_full
pls,ncomp_10,4,,24.493905630569504,18.583711634837414,0.36698450848612296,oxidation,compact_v3_full
pls,ncomp_10,5,,43.2874620529122,27.749538990401287,-7.560633369137859,oxidation,compact_v3_full
pls,ncomp_11,1,,19.48321231692199,14.80487288979069,0.44477060090725395,oxidation,compact_v3_full
pls,ncomp_11,2,,25.291381790159264,22.340418191103886,0.6296895811487162,oxidation,compact_v3_full
pls,ncomp_11,3,,68.07791465679874,57.45489886781521,-2.192164719793938,oxidation,compact_v3_full
pls,ncomp_11,4,,25.011210155905758,19.105071928752952,0.3399639316503509,oxidation,compact_v3_full
pls,ncomp_11,5,,41.71601174993671,26.588912651812077,-6.950367649269462,oxidation,compact_v3_full
pls,ncomp_12,1,,21.418825994487964,17.473225093666823,0.3289688940598502,oxidation,compact_v3_full
pls,ncomp_12,2,,25.873482907867423,22.85206109856652,0.6124474446342685,oxidation,compact_v3_full
pls,ncomp_12,3,,70.79476422209314,59.827738103904096,-2.452034159570052,oxidation,compact_v3_full
pls,ncomp_12,4,,26.370789570705202,19.99794600391507,0.26625606511926714,oxidation,compact_v3_full
pls,ncomp_12,5,,43.41569335259976,28.148683561680052,-7.611427156577372,oxidation,compact_v3_full
mlp,relu_small,1,29.0,44.03369133649043,29.852459095959578,-1.8360998366067864,oxidation,oxidation_focus_v2
mlp,relu_small,2,29.0,31.26468999551544,24.24961684670059,0.4341138435570091,oxidation,oxidation_focus_v2
mlp,relu_small,3,28.0,41.3651979779527,36.62599002116416,-0.1785364518903334,oxidation,oxidation_focus_v2
mlp,relu_small,4,29.0,31.574741388011432,22.84001414675883,-0.05190825239300567,oxidation,oxidation_focus_v2
mlp,relu_small,5,30.0,26.867572732205904,18.08498012071652,-2.2979078498974292,oxidation,oxidation_focus_v2
mlp,relu_mid,1,29.0,30.302869212375807,24.042073404258606,-0.34313241375614667,oxidation,oxidation_focus_v2
mlp,relu_mid,2,29.0,28.39572108519645,23.500814322285372,0.5332045442922609,oxidation,oxidation_focus_v2
mlp,relu_mid,3,28.0,48.30793848011146,41.221365666343566,-0.6073476304806638,oxidation,oxidation_focus_v2
mlp,relu_mid,4,29.0,26.960801026082144,20.347538609811252,0.23305567107401337,oxidation,oxidation_focus_v2
mlp,relu_mid,5,30.0,56.42653628486605,29.985069058145903,-13.546162478609103,oxidation,oxidation_focus_v2
mlp,relu_wide,1,29.0,42.34101146363747,32.93997301655979,-1.6222481285099861,oxidation,oxidation_focus_v2
mlp,relu_wide,2,29.0,36.07569642997049,27.67046492656694,0.24655724063994933,oxidation,oxidation_focus_v2
mlp,relu_wide,3,28.0,38.325557360949055,31.45709706382029,-0.01169537376958285,oxidation,oxidation_focus_v2
mlp,relu_wide,4,29.0,30.417387679930545,22.33609911856485,0.023792625751046792,oxidation,oxidation_focus_v2
mlp,relu_wide,5,30.0,34.19235161126329,23.13277196541643,-4.341209240463283,oxidation,oxidation_focus_v2
mlp,tanh_mid,1,29.0,41.99791951131905,34.2640924735548,-1.579923812307392,oxidation,oxidation_focus_v2
mlp,tanh_mid,2,29.0,30.350114454544062,24.913358341299002,0.4667369620228382,oxidation,oxidation_focus_v2
mlp,tanh_mid,3,28.0,50.797935680875106,44.1125311765959,-0.7773171554497169,oxidation,oxidation_focus_v2
mlp,tanh_mid,4,29.0,29.082021964865987,20.815457631482158,0.10762487841601587,oxidation,oxidation_focus_v2
mlp,tanh_mid,5,30.0,44.35998525558013,27.973919634961327,-7.990098213220973,oxidation,oxidation_focus_v2
mlp,tanh_wide,1,29.0,68.45058302255832,50.93802917486668,-5.853392900223112,oxidation,oxidation_focus_v2
mlp,tanh_wide,2,29.0,30.43030687416711,25.88103002181276,0.4639152165308028,oxidation,oxidation_focus_v2
mlp,tanh_wide,3,28.0,44.066204350692786,34.63260150060471,-0.3374701355513261,oxidation,oxidation_focus_v2
mlp,tanh_wide,4,29.0,35.2893293382309,25.052609111864626,-0.31396884373231315,oxidation,oxidation_focus_v2
mlp,tanh_wide,5,30.0,41.607725029446,22.96809507564676,-6.909145978586209,oxidation,oxidation_focus_v2
mlp,relu_deep,1,29.0,46.312805346742564,34.27668119292563,-2.1372816160649677,oxidation,oxidation_focus_v2
mlp,relu_deep,2,29.0,37.796352900649524,29.174064367887997,0.17297125093601007,oxidation,oxidation_focus_v2
mlp,relu_deep,3,28.0,44.96167350136947,35.07855904785642,-0.3923798841455033,oxidation,oxidation_focus_v2
mlp,relu_deep,4,29.0,69.73077258855858,49.871547040299944,-4.13035257110993,oxidation,oxidation_focus_v2
mlp,relu_deep,5,30.0,27.653469985307293,19.65698219914307,-2.493662268566462,oxidation,oxidation_focus_v2
ridge,alpha_0.1,1,,40.82899597545162,30.24349760556049,-1.4383089225391106,oxidation,oxidation_focus_v2
ridge,alpha_0.1,2,,29.66574015293268,23.021563424816158,0.49051524571169647,oxidation,oxidation_focus_v2
ridge,alpha_0.1,3,,46.480052777947726,40.24388649523148,-0.4880106181557886,oxidation,oxidation_focus_v2
ridge,alpha_0.1,4,,46.05781892139984,32.63339618397726,-1.2382314503443186,oxidation,oxidation_focus_v2
ridge,alpha_0.1,5,,38.92795366641464,22.11001500863655,-5.923166866036406,oxidation,oxidation_focus_v2
ridge,alpha_0.3,1,,36.55204933322574,27.377088659109464,-0.9542260115474959,oxidation,oxidation_focus_v2
ridge,alpha_0.3,2,,28.976101882713913,21.83156814633477,0.5139278526318297,oxidation,oxidation_focus_v2
ridge,alpha_0.3,3,,43.39205253792585,37.794727806175,-0.2968602908067963,oxidation,oxidation_focus_v2
ridge,alpha_0.3,4,,40.938875175763584,29.398969546048342,-0.7683575044633091,oxidation,oxidation_focus_v2
ridge,alpha_0.3,5,,43.453638095014256,24.325357133004477,-7.626486281575261,oxidation,oxidation_focus_v2
ridge,alpha_1.0,1,,33.43558792744234,25.150862762468,-0.6351938896274054,oxidation,oxidation_focus_v2
ridge,alpha_1.0,2,,28.646100763140353,21.12062707404259,0.5249363003663973,oxidation,oxidation_focus_v2
ridge,alpha_1.0,3,,36.60074006324926,32.48532303116711,0.0773169576133218,oxidation,oxidation_focus_v2
ridge,alpha_1.0,4,,35.11637957416395,25.88197195914514,-0.30112112241847755,oxidation,oxidation_focus_v2
ridge,alpha_1.0,5,,44.63698084061016,24.727174514962265,-8.102721889310233,oxidation,oxidation_focus_v2
ridge,alpha_3.0,1,,32.57195878606165,24.4024654896002,-0.5518119089549041,oxidation,oxidation_focus_v2
ridge,alpha_3.0,2,,29.106379999081266,21.38576237383274,0.5095472137618284,oxidation,oxidation_focus_v2
ridge,alpha_3.0,3,,34.47288155418776,29.86285439747201,0.18148248030676484,oxidation,oxidation_focus_v2
ridge,alpha_3.0,4,,31.05669197360715,23.28433411277611,-0.01767392529049827,oxidation,oxidation_focus_v2
ridge,alpha_3.0,5,,41.41308825573969,22.81102098548757,-6.835322665705594,oxidation,oxidation_focus_v2
ridge,alpha_10.0,1,,32.09808020500002,23.91082199411348,-0.5069867818832656,oxidation,oxidation_focus_v2
ridge,alpha_10.0,2,,30.34594824096531,22.574825887443303,0.46688335588410046,oxidation,oxidation_focus_v2
ridge,alpha_10.0,3,,36.608941168073706,30.14524181812943,0.07690342126919203,oxidation,oxidation_focus_v2
ridge,alpha_10.0,4,,27.68946820381247,20.828713472890904,0.19103918088206107,oxidation,oxidation_focus_v2
ridge,alpha_10.0,5,,35.66760841949919,19.830993849908587,-4.812053858267453,oxidation,oxidation_focus_v2
ridge,alpha_30.0,1,,30.43721911263219,22.60944722758163,-0.35506855899558953,oxidation,oxidation_focus_v2
ridge,alpha_30.0,2,,31.66947628447949,24.1764502818973,0.4193658447807943,oxidation,oxidation_focus_v2
ridge,alpha_30.0,3,,37.70854957175747,30.69883311367272,0.020617225981277132,oxidation,oxidation_focus_v2
ridge,alpha_30.0,4,,25.978331636862364,19.761771363031166,0.2879331444271441,oxidation,oxidation_focus_v2
ridge,alpha_30.0,5,,29.644173215859475,18.298362480563693,-3.014766896221282,oxidation,oxidation_focus_v2
ridge,alpha_100.0,1,,27.586426694516383,21.938833644914784,-0.11312061513190996,oxidation,oxidation_focus_v2
ridge,alpha_100.0,2,,33.46262086164153,27.177494562256733,0.3517526923441098,oxidation,oxidation_focus_v2
ridge,alpha_100.0,3,,37.283673039118234,31.088107005157724,0.04256304406089406,oxidation,oxidation_focus_v2
ridge,alpha_100.0,4,,26.160842587936425,20.536171960398132,0.2778927370365384,oxidation,oxidation_focus_v2
ridge,alpha_100.0,5,,24.95456262293485,18.760629902891996,-1.8449954412804668,oxidation,oxidation_focus_v2
pls,ncomp_2,1,,26.935065249216986,21.022218434978598,-0.0611759312780118,oxidation,oxidation_focus_v2
pls,ncomp_2,2,,35.55222337423124,27.677487110555415,0.2682641247358588,oxidation,oxidation_focus_v2
pls,ncomp_2,3,,44.221443959416156,32.78534348879057,-0.3469102072637462,oxidation,oxidation_focus_v2
pls,ncomp_2,4,,29.498023847741948,24.151090806230226,0.08191244019725907,oxidation,oxidation_focus_v2
pls,ncomp_2,5,,26.7324223524914,22.16869465014898,-2.264812752000967,oxidation,oxidation_focus_v2
pls,ncomp_3,1,,31.496881196551374,23.61991066760625,-0.45106354627035183,oxidation,oxidation_focus_v2
pls,ncomp_3,2,,29.208908268733897,21.304299763797005,0.506085852962852,oxidation,oxidation_focus_v2
pls,ncomp_3,3,,41.595382897055195,34.21340004032329,-0.19168935001322795,oxidation,oxidation_focus_v2
pls,ncomp_3,4,,25.489754334092748,19.22131325192624,0.31446511844000624,oxidation,oxidation_focus_v2
pls,ncomp_3,5,,29.22941601071063,21.30717458291563,-2.9032100821912348,oxidation,oxidation_focus_v2
pls,ncomp_4,1,,34.713624860438735,25.73715393392599,-0.7625898259517814,oxidation,oxidation_focus_v2
pls,ncomp_4,2,,32.32666122596948,24.03739882820549,0.3950179070368838,oxidation,oxidation_focus_v2
pls,ncomp_4,3,,36.627692632559985,28.937888319950524,0.07595754055328552,oxidation,oxidation_focus_v2
pls,ncomp_4,4,,24.5763409607877,18.72322277604889,0.36271645473411307,oxidation,oxidation_focus_v2
pls,ncomp_4,5,,28.623304578713523,19.709035907359162,-2.7430117787759127,oxidation,oxidation_focus_v2
pls,ncomp_5,1,,34.145535292066924,26.058222029958525,-0.7053721961833808,oxidation,oxidation_focus_v2
pls,ncomp_5,2,,32.12228251151213,22.9274091927597,0.40264347653038135,oxidation,oxidation_focus_v2
pls,ncomp_5,3,,41.086712110668095,32.33357779063738,-0.1627211791264609,oxidation,oxidation_focus_v2
pls,ncomp_5,4,,24.964257533344746,19.08379695687404,0.34243972835194125,oxidation,oxidation_focus_v2
pls,ncomp_5,5,,27.076690916536034,16.69235550096334,-2.349444800571826,oxidation,oxidation_focus_v2
pls,ncomp_6,1,,32.72539250853714,24.61893380607972,-0.5664662978942241,oxidation,oxidation_focus_v2
pls,ncomp_6,2,,30.65174111746042,22.62914030012545,0.45608490234073606,oxidation,oxidation_focus_v2
pls,ncomp_6,3,,39.48808560761254,31.274433255232175,-0.07400168888258296,oxidation,oxidation_focus_v2
pls,ncomp_6,4,,29.056048664715977,22.84912797059101,0.1092181360475335,oxidation,oxidation_focus_v2
pls,ncomp_6,5,,34.08086227473986,19.98608099594263,-4.306434385428548,oxidation,oxidation_focus_v2
pls,ncomp_7,1,,36.079118340775395,27.38873445389014,-0.9039834088461669,oxidation,oxidation_focus_v2
pls,ncomp_7,2,,29.16805688319444,22.337060250930616,0.5074664569412849,oxidation,oxidation_focus_v2
pls,ncomp_7,3,,38.82446091813437,30.73065959641988,-0.038206332825851286,oxidation,oxidation_focus_v2
pls,ncomp_7,4,,32.4954190135813,26.090988219534914,-0.11414711653141918,oxidation,oxidation_focus_v2
pls,ncomp_7,5,,39.7368120251778,23.68844796822098,-6.213859737101229,oxidation,oxidation_focus_v2
pls,ncomp_8,1,,35.799892024434094,27.378615788652265,-0.8746265379256386,oxidation,oxidation_focus_v2
pls,ncomp_8,2,,31.58550071898032,23.700753016601915,0.4224410100094722,oxidation,oxidation_focus_v2
pls,ncomp_8,3,,38.02601341522463,30.451000757698324,0.004057192946046895,oxidation,oxidation_focus_v2
pls,ncomp_8,4,,33.824953797044245,26.34436551528873,-0.20718180777456907,oxidation,oxidation_focus_v2
pls,ncomp_8,5,,42.652002862598216,25.370045149364014,-7.31113830376759,oxidation,oxidation_focus_v2
pls,ncomp_9,1,,34.04782169774931,25.484330218673925,-0.6956257029370616,oxidation,oxidation_focus_v2
pls,ncomp_9,2,,27.35592420388107,20.760201392041214,0.5667649355250194,oxidation,oxidation_focus_v2
pls,ncomp_9,3,,37.7016591706174,30.48495897526443,0.02097511424293408,oxidation,oxidation_focus_v2
pls,ncomp_9,4,,34.107306211126556,25.369255951377305,-0.22741972551556056,oxidation,oxidation_focus_v2
pls,ncomp_9,5,,44.240530884839224,26.45904315318755,-7.941745600422866,oxidation,oxidation_focus_v2
pls,ncomp_10,1,,33.42543030019014,25.0963717955734,-0.6342005069439034,oxidation,oxidation_focus_v2
pls,ncomp_10,2,,27.903126728356558,19.803236954817066,0.5492595237870999,oxidation,oxidation_focus_v2
pls,ncomp_10,3,,36.30550481374301,30.206770366685667,0.09214233453965259,oxidation,oxidation_focus_v2
pls,ncomp_10,4,,33.75487633512723,25.17270057896825,-0.20218498762968617,oxidation,oxidation_focus_v2
pls,ncomp_10,5,,45.62010149781396,26.895359318220642,-8.50810883733668,oxidation,oxidation_focus_v2
pls,ncomp_11,1,,32.0674091479646,24.856694615516638,-0.5041081801567036,oxidation,oxidation_focus_v2
pls,ncomp_11,2,,26.985715756125217,19.907234436632287,0.5784115548739794,oxidation,oxidation_focus_v2
pls,ncomp_11,3,,32.29431546009715,28.617835088657632,0.2816684001044232,oxidation,oxidation_focus_v2
pls,ncomp_11,4,,32.58572904519281,24.36791832394853,-0.12034851242962197,oxidation,oxidation_focus_v2
pls,ncomp_11,5,,45.428605205704585,25.54330901756515,-8.428453331380569,oxidation,oxidation_focus_v2
pls,ncomp_12,1,,30.79751891292411,23.561069517425302,-0.3873396176577548,oxidation,oxidation_focus_v2
pls,ncomp_12,2,,27.225607725924853,20.533794416478948,0.5708827414173119,oxidation,oxidation_focus_v2
pls,ncomp_12,3,,32.268731171726095,29.354350723135784,0.2828061064035625,oxidation,oxidation_focus_v2
pls,ncomp_12,4,,32.46935401583017,23.85753652058435,-0.11236048960428469,oxidation,oxidation_focus_v2
pls,ncomp_12,5,,47.50570855043563,26.215003319017242,-9.310346242098623,oxidation,oxidation_focus_v2
