scenario_id,target_name,pair_type,component_i,component_j,family_i,family_j,batch_i,batch_j,proxy_score,gate,attention,pair_strength,target_true
train_12,oxidation,zddp_detergent,Детергент_1,Противоизносная_присадка_22,Детергент,Противоизносная,03052.24,скай кемикалс,6.221158981323242,0.9904819130897522,1.0,6.280941486358643,83.37
train_17,oxidation,zddp_detergent,Детергент_1,Противоизносная_присадка_8,Детергент,Противоизносная,01558.25,Квадрат плюс ДТФ-22,5.067931175231934,0.9875661134719849,1.0,5.131738662719727,76.37
train_167,oxidation,zddp_detergent,Детергент_1,Противоизносная_присадка_7,Детергент,Противоизносная,01558.25,НовочебоксарскХП,4.9894609451293945,0.9865227341651917,1.0,5.057623863220215,41.93
train_146,oxidation,zddp_detergent,Детергент_1,Противоизносная_присадка_16,Детергент,Противоизносная,03052.24,из ЦП 21.03.23,4.5699872970581055,0.9741487503051758,1.0,4.691262245178223,65.64
train_162,oxidation,zddp_detergent,Детергент_1,Противоизносная_присадка_6,Детергент,Противоизносная,0432.25,01036.25,3.8862245082855225,0.9773203134536743,1.0,3.9764082431793213,70.33
train_163,oxidation,zddp_detergent,Детергент_1,Противоизносная_присадка_6,Детергент,Противоизносная,9521.25,01036.25,3.8740763664245605,0.9726085662841797,1.0,3.9831814765930176,76.57
train_164,oxidation,zddp_detergent,Детергент_1,Противоизносная_присадка_6,Детергент,Противоизносная,9521.25,01036.25,3.8740763664245605,0.9726085662841797,1.0,3.9831814765930176,127.51
train_93,oxidation,antiwear_ca_mg,Дисперсант_2,Противоизносная_присадка_7,Дисперсант,Противоизносная,01025.23,02359.22,3.2671666145324707,0.9605501294136047,0.8220758438110352,4.137512683868408,89.03
train_123,oxidation,antiwear_ca_mg,Дисперсант_2,Противоизносная_присадка_7,Дисперсант,Противоизносная,01025.23,02359.22,2.176318883895874,0.9248202443122864,0.6204060316085815,3.7930550575256348,65.59
train_124,oxidation,antiwear_ca_mg,Дисперсант_2,Противоизносная_присадка_7,Дисперсант,Противоизносная,01025.23,02359.22,2.1311254501342773,0.9256488084793091,0.6007351875305176,3.8324782848358154,79.18
train_122,oxidation,antiwear_ca_mg,Дисперсант_2,Противоизносная_присадка_7,Дисперсант,Противоизносная,01025.23,02359.22,2.1095478534698486,0.9257923364639282,0.5943751335144043,3.8336739540100098,69.1
train_51,oxidation,ao_ao,Антиоксидант_7,Антиоксидант_8,Антиоксидант,Антиоксидант,п.EQ2023082507,COMP-2024-0009-M,1.8819957971572876,0.8668482303619385,0.8256387710571289,2.629574775695801,86.06
train_140,oxidation,antiwear_ca_mg,Дисперсант_2,Противоизносная_присадка_7,Дисперсант,Противоизносная,01025.23,02359.22,1.6984397172927856,0.8951547741889954,0.44340911507606506,4.279050350189209,122.71
train_139,oxidation,antiwear_ca_mg,Дисперсант_2,Противоизносная_присадка_7,Дисперсант,Противоизносная,01025.23,02359.22,1.6984397172927856,0.8951547741889954,0.44340911507606506,4.279050350189209,134.0
train_141,oxidation,antiwear_ca_mg,Дисперсант_2,Противоизносная_присадка_7,Дисперсант,Противоизносная,01025.23,02359.22,1.6984397172927856,0.8951547741889954,0.44340911507606506,4.279050350189209,134.08
train_20,oxidation,antiwear_ca_mg,Базовое_масло_3,Противоизносная_присадка_8,Базовое,Противоизносная,0415.22,0186.22,1.654723882675171,0.9232614040374756,0.5313464403152466,3.3730523586273193,97.66
train_14,oxidation,ao_ao,Антиоксидант_7,Антиоксидант_8,Антиоксидант,Антиоксидант,п.EQ2023082507,COMP-2024-0009-M,1.5982304811477661,0.8268920183181763,0.7823188304901123,2.4706249237060547,76.38
train_50,oxidation,ao_ao,Антиоксидант_7,Антиоксидант_8,Антиоксидант,Антиоксидант,п.EQ2023082507,COMP-2024-0009-M,1.5802806615829468,0.8602063655853271,0.7230507135391235,2.540755271911621,66.03
train_126,oxidation,antiwear_ca_mg,Дисперсант_2,Противоизносная_присадка_7,Дисперсант,Противоизносная,01025.23,02359.22,1.4887831211090088,0.9248202443122864,0.4244093596935272,3.7930550575256348,85.72
train_127,oxidation,antiwear_ca_mg,Дисперсант_2,Противоизносная_присадка_7,Дисперсант,Противоизносная,01025.23,02359.22,1.4709675312042236,0.925844132900238,0.4350913166999817,3.651613235473633,24.4
train_125,oxidation,antiwear_ca_mg,Дисперсант_2,Противоизносная_присадка_7,Дисперсант,Противоизносная,01025.23,02359.22,1.4359241724014282,0.8536134362220764,0.3811609745025635,4.413283348083496,148.95
train_21,oxidation,antiwear_ca_mg,Базовое_масло_3,Противоизносная_присадка_8,Базовое,Противоизносная,0415.22,0186.22,0.8963158130645752,0.9005039930343628,0.3424590528011322,2.9064762592315674,66.79
train_13,oxidation,zddp_detergent,Детергент_1,Противоизносная_присадка_23,Детергент,Противоизносная,03052.24,048,0.8875336647033691,0.6412268877029419,1.0,1.3841179609298706,8.14
train_74,oxidation,ao_ao,Антиоксидант_4,Антиоксидант_8,Антиоксидант,Антиоксидант,01050.22,COMP-2024-0009-M,0.8102158308029175,0.7209222912788391,0.4577423334121704,2.4552245140075684,12.4
train_103,oxidation,zddp_detergent,Детергент_7,Противоизносная_присадка_5,Детергент,Противоизносная,03229.24,02975.22,0.7309439778327942,0.6086564064025879,0.6467968225479126,1.8567098379135132,10.6
train_75,oxidation,ao_ao,Антиоксидант_7,Антиоксидант_8,Антиоксидант,Антиоксидант,п.EQ2023082507,COMP-2024-0009-M,0.6631884574890137,0.8109489679336548,0.37620800733566284,2.173779010772705,22.0
train_111,oxidation,zn_dispersant,Дисперсант_3,Противоизносная_присадка_5,Дисперсант,Противоизносная,01030.23,02975.22,0.6522437334060669,0.8579214811325073,0.22231599688529968,3.419728994369507,8.58
train_145,oxidation,zddp_detergent,Детергент_1,Противоизносная_присадка_19,Детергент,Противоизносная,03052.24,03113.24,0.6517255902290344,0.7076847553253174,1.0,0.9209264516830444,112.26
train_142,oxidation,antiwear_ca_mg,Дисперсант_2,Противоизносная_присадка_2,Дисперсант,Противоизносная,01025.23,01026.23,0.6172123551368713,0.558311939239502,0.5160054564476013,2.142413854598999,93.48
train_94,oxidation,zddp_detergent,Детергент_7,Противоизносная_присадка_5,Детергент,Противоизносная,03229.24,02975.22,0.5632054209709167,0.5993470549583435,0.5836615562438965,1.610005497932434,10.22
train_127,oxidation,ao_ao,Антиоксидант_4,Антиоксидант_8,Антиоксидант,Антиоксидант,01050.22,COMP-2024-0009-M,0.543194591999054,0.7749480605125427,0.31373193860054016,2.23421049118042,24.4
train_77,oxidation,ao_ao,Антиоксидант_7,Антиоксидант_8,Антиоксидант,Антиоксидант,п.EQ2023082507,COMP-2024-0009-M,0.5398188233375549,0.8108662962913513,0.30624037981033325,2.1738839149475098,18.32
train_76,oxidation,ao_ao,Антиоксидант_7,Антиоксидант_8,Антиоксидант,Антиоксидант,п.EQ2023082507,COMP-2024-0009-M,0.5264602303504944,0.8109490871429443,0.2986460030078888,2.1737782955169678,17.71
train_149,oxidation,zddp_detergent,Детергент_1,Противоизносная_присадка_4,Детергент,Противоизносная,03052.24,П. 76-290624-681,0.5099855065345764,0.6234261393547058,1.0,0.8180367350578308,17.35
train_143,oxidation,zddp_detergent,Детергент_1,Противоизносная_присадка_4,Детергент,Противоизносная,03052.24,П. 76-290624-681,0.5099855065345764,0.6234261393547058,1.0,0.8180367350578308,14.85
train_126,oxidation,ao_ao,Антиоксидант_4,Антиоксидант_8,Антиоксидант,Антиоксидант,01050.22,COMP-2024-0009-M,0.5044924020767212,0.7654457092285156,0.3101577162742615,2.1249938011169434,85.72
train_11,oxidation,zddp_detergent,Детергент_1,Противоизносная_присадка_2,Детергент,Противоизносная,03052.24,от 28.12.24,0.48189064860343933,0.5363571047782898,1.0,0.8984511494636536,6.53
train_124,oxidation,zn_dispersant,Дисперсант_3,Противоизносная_присадка_7,Дисперсант,Противоизносная,01030.23,02359.22,0.4409061372280121,0.960785448551178,0.10141550004482269,4.524966716766357,79.18
train_122,oxidation,zn_dispersant,Дисперсант_3,Противоизносная_присадка_7,Дисперсант,Противоизносная,01030.23,02359.22,0.4247020483016968,0.960785448551178,0.09768830239772797,4.524966716766357,69.1
train_140,oxidation,zn_dispersant,Дисперсант_3,Противоизносная_присадка_7,Дисперсант,Противоизносная,01030.23,02359.22,0.41271650791168213,0.9430970549583435,0.09179481118917465,4.767353057861328,122.71
train_141,oxidation,zn_dispersant,Дисперсант_3,Противоизносная_присадка_7,Дисперсант,Противоизносная,01030.23,02359.22,0.41271650791168213,0.9430970549583435,0.09179481118917465,4.767353057861328,134.08
train_139,oxidation,zn_dispersant,Дисперсант_3,Противоизносная_присадка_7,Дисперсант,Противоизносная,01030.23,02359.22,0.41271650791168213,0.9430970549583435,0.09179481118917465,4.767353057861328,134.0
train_108,oxidation,ao_mo,Антиоксидант_2,Соединение_молибдена_1,Антиоксидант,Соединение,01623.24,COMP-2023-0003-M,0.40303003787994385,0.2404545694589615,0.9345430731773376,1.7935150861740112,11.28
train_119,oxidation,ao_mo,Антиоксидант_2,Соединение_молибдена_1,Антиоксидант,Соединение,01623.24,COMP-2023-0003-M,0.40303003787994385,0.2404545694589615,0.9345430731773376,1.7935150861740112,12.88
train_105,oxidation,ao_mo,Антиоксидант_2,Соединение_молибдена_1,Антиоксидант,Соединение,01623.24,COMP-2023-0003-M,0.40016400814056396,0.2404545694589615,0.9278973937034607,1.7935150861740112,10.1
train_104,oxidation,zddp_detergent,Детергент_23,Противоизносная_присадка_5,Детергент,Противоизносная,01195.25 для SL,02975.22,0.3846248388290405,0.5864227414131165,0.3122462034225464,2.100532293319702,11.48
train_97,oxidation,antiwear_ca_mg,Дисперсант_2,Противоизносная_присадка_2,Дисперсант,Противоизносная,01025.23,01026.23,0.3788309395313263,0.5793593525886536,0.27084749937057495,2.414196252822876,97.44
train_92,oxidation,zddp_detergent,Детергент_11,Противоизносная_присадка_7,Детергент,Противоизносная,COMP-2025-0018-M,02359.22,0.365366131067276,0.9853754043579102,0.06979216635227203,5.312756538391113,36.07
train_125,oxidation,zn_dispersant,Дисперсант_3,Противоизносная_присадка_7,Дисперсант,Противоизносная,01030.23,02359.22,0.36469411849975586,0.9268944263458252,0.08084525167942047,4.866805553436279,148.95
train_111,oxidation,antiwear_ca_mg,Дисперсант_2,Противоизносная_присадка_5,Дисперсант,Противоизносная,01025.23,02975.22,0.36463916301727295,0.567401111125946,0.2851451635360718,2.2537572383880615,8.58
train_116,oxidation,ao_mo,Антиоксидант_2,Соединение_молибдена_1,Антиоксидант,Соединение,01623.24,COMP-2023-0003-M,0.3571668267250061,0.2276010662317276,0.9374955892562866,1.673892617225647,15.78
train_87,oxidation,ao_mo,Антиоксидант_2,Соединение_молибдена_1,Антиоксидант,Соединение,01623.24,COMP-2023-0003-M,0.3493139445781708,0.22125159204006195,0.97806715965271,1.6142131090164185,52.1
train_123,oxidation,zn_dispersant,Дисперсант_3,Противоизносная_присадка_7,Дисперсант,Противоизносная,01030.23,02359.22,0.34077131748199463,0.9551440477371216,0.08303285390138626,4.296790599822998,65.59
train_75,oxidation,ao_mo,Антиоксидант_8,Соединение_молибдена_1,Антиоксидант,Соединение,COMP-2024-0009-M,COMP-2023-0003-M,0.3395908772945404,0.5464696884155273,0.25992003083229065,2.390838146209717,22.0
train_99,oxidation,antiwear_ca_mg,Дисперсант_2,Противоизносная_присадка_21,Дисперсант,Противоизносная,01025.23,01578.24,0.3393361270427704,0.6354449391365051,0.5457736849784851,0.9784521460533142,96.92
train_122,oxidation,zddp_detergent,Детергент_3,Противоизносная_присадка_7,Детергент,Противоизносная,01714.24,02359.22,0.3379777669906616,0.9785330891609192,0.07003488391637802,4.931717395782471,69.1
train_123,oxidation,zddp_detergent,Детергент_3,Противоизносная_присадка_7,Детергент,Противоизносная,01714.24,02359.22,0.33574429154396057,0.9785330891609192,0.0695720762014389,4.931717395782471,65.59
train_91,oxidation,ao_mo,Антиоксидант_2,Соединение_молибдена_1,Антиоксидант,Соединение,01623.24,COMP-2023-0003-M,0.3343765437602997,0.2411501258611679,0.9535539150238037,1.4541293382644653,35.89
train_89,oxidation,ao_mo,Антиоксидант_2,Соединение_молибдена_1,Антиоксидант,Соединение,01623.24,COMP-2023-0003-M,0.3343765437602997,0.2411501258611679,0.9535539150238037,1.4541293382644653,20.84
train_92,oxidation,ao_mo,Антиоксидант_2,Соединение_молибдена_1,Антиоксидант,Соединение,01623.24,COMP-2023-0003-M,0.31562966108322144,0.2411501258611679,0.9000927805900574,1.4541293382644653,36.07
train_124,oxidation,zddp_detergent,Детергент_3,Противоизносная_присадка_7,Детергент,Противоизносная,01714.24,02359.22,0.28784340620040894,0.9775139093399048,0.061624519526958466,4.778370380401611,79.18
train_77,oxidation,ao_mo,Антиоксидант_8,Соединение_молибдена_1,Антиоксидант,Соединение,COMP-2024-0009-M,COMP-2023-0003-M,0.27632883191108704,0.5463756918907166,0.21159927546977997,2.390125274658203,18.32
train_2,oxidation,ao_ao,Антиоксидант_14,Антиоксидант_15,Антиоксидант,Антиоксидант,19776.19,13775.21,0.2736603915691376,0.6066291928291321,0.5082919001579285,0.8875145316123962,112.37
train_104,oxidation,ao_mo,Антиоксидант_2,Соединение_молибдена_1,Антиоксидант,Соединение,01623.24,COMP-2023-0003-M,0.2701468765735626,0.2468089610338211,0.5888871550559998,1.858689785003662,11.48
train_76,oxidation,ao_mo,Антиоксидант_8,Соединение_молибдена_1,Антиоксидант,Соединение,COMP-2024-0009-M,COMP-2023-0003-M,0.26957830786705017,0.5464698076248169,0.20633280277252197,2.3908398151397705,17.71
train_73,oxidation,zn_dispersant,Дисперсант_13,Дисперсант_2,Дисперсант,Дисперсант,02690.24,01025.23,0.25933608412742615,0.5847768783569336,0.25010907649993896,1.7731411457061768,12.93
train_96,oxidation,antiwear_ca_mg,Дисперсант_2,Противоизносная_присадка_2,Дисперсант,Противоизносная,01025.23,01026.23,0.24679797887802124,0.5564340949058533,0.20717455446720123,2.1408755779266357,78.95
train_125,oxidation,ao_ao,Антиоксидант_4,Антиоксидант_8,Антиоксидант,Антиоксидант,01050.22,COMP-2024-0009-M,0.23933860659599304,0.5702150464057922,0.2759687602519989,1.5209473371505737,148.95
train_27,oxidation,antiwear_ca_mg,Базовое_масло_1,Противоизносная_присадка_8,Базовое,Противоизносная,069.23,0186.22,0.239200159907341,0.7376920580863953,0.17423143982887268,1.8610577583312988,97.77
train_125,oxidation,zddp_detergent,Детергент_3,Противоизносная_присадка_7,Детергент,Противоизносная,01714.24,02359.22,0.23359490931034088,0.959080696105957,0.04810437932610512,5.063182830810547,148.95
train_45,oxidation,ao_ao,Антиоксидант_1,Антиоксидант_3,Антиоксидант,Антиоксидант,01028.23,01198.23,0.23354549705982208,0.5158569812774658,0.275127112865448,1.6455413103103638,30.58
train_126,oxidation,zn_dispersant,Дисперсант_3,Противоизносная_присадка_7,Дисперсант,Противоизносная,01030.23,02359.22,0.23311595618724823,0.9551440477371216,0.056801386177539825,4.296790599822998,85.72
train_10,oxidation,ao_ao,Антиоксидант_1,Антиоксидант_3,Антиоксидант,Антиоксидант,01028.23,с ЦП 28.02.2024г,0.2314077466726303,0.41791507601737976,0.5068158507347107,1.0925458669662476,85.04
train_144,oxidation,antiwear_ca_mg,Дисперсант_3,Противоизносная_присадка_4,Дисперсант,Противоизносная,01030.23,П. 76-290624-681,0.2304743230342865,0.6186997890472412,0.17341166734695435,2.14814829826355,17.01
train_150,oxidation,antiwear_ca_mg,Дисперсант_3,Противоизносная_присадка_4,Дисперсант,Противоизносная,01030.23,П. 76-290624-681,0.2304743230342865,0.6186997890472412,0.17341166734695435,2.14814829826355,17.0
train_148,oxidation,ao_ao,Антиоксидант_1,Антиоксидант_3,Антиоксидант,Антиоксидант,01028.23,с ЦП 28.02.2024г,0.22698460519313812,0.4934626817703247,0.27981966733932495,1.6438562870025635,22.21
train_141,oxidation,antiwear_ca_mg,Дисперсант_1,Противоизносная_присадка_7,Дисперсант,Противоизносная,03067.22,02359.22,0.21235030889511108,0.5276226997375488,0.16953328251838684,2.3739657402038574,134.08
train_139,oxidation,antiwear_ca_mg,Дисперсант_1,Противоизносная_присадка_7,Дисперсант,Противоизносная,03067.22,02359.22,0.21235030889511108,0.5276226997375488,0.16953328251838684,2.3739657402038574,134.0
train_140,oxidation,antiwear_ca_mg,Дисперсант_1,Противоизносная_присадка_7,Дисперсант,Противоизносная,03067.22,02359.22,0.21235030889511108,0.5276226997375488,0.16953328251838684,2.3739657402038574,122.71
train_109,oxidation,zn_dispersant,Дисперсант_3,Противоизносная_присадка_5,Дисперсант,Противоизносная,01030.23,02975.22,0.21230152249336243,0.7848536968231201,0.23939912021160126,1.1299047470092773,92.78
train_103,oxidation,ao_mo,Антиоксидант_3,Соединение_молибдена_1,Антиоксидант,Соединение,01194.25 для SL,COMP-2023-0003-M,0.20620456337928772,0.35034888982772827,0.32398638129234314,1.8166478872299194,10.6
train_110,oxidation,zn_dispersant,Дисперсант_3,Противоизносная_присадка_5,Дисперсант,Противоизносная,01030.23,02975.22,0.20531247556209564,0.7442544102668762,0.24525363743305206,1.1248081922531128,107.79
train_19,oxidation,ao_ao,Антиоксидант_11,Антиоксидант_7,Антиоксидант,Антиоксидант,2023101602 (НИЦ),п.EQ2023082507,0.2051229476928711,0.25169476866722107,0.8380538821220398,0.9724518656730652,39.27
train_127,oxidation,zn_dispersant,Дисперсант_3,Противоизносная_присадка_7,Дисперсант,Противоизносная,01030.23,02359.22,0.20475853979587555,0.9542743563652039,0.051560647785663605,4.161504745483398,24.4
train_102,oxidation,zddp_detergent,Детергент_7,Противоизносная_присадка_5,Детергент,Противоизносная,03229.24,02975.22,0.19497361779212952,0.4239833950996399,0.6157450675964355,0.7468373775482178,86.92
train_141,oxidation,zddp_detergent,Детергент_2,Противоизносная_присадка_7,Детергент,Противоизносная,02957.22,02359.22,0.19337832927703857,0.9575639963150024,0.0367327556014061,5.497768878936768,134.08
train_139,oxidation,zddp_detergent,Детергент_2,Противоизносная_присадка_7,Детергент,Противоизносная,02957.22,02359.22,0.19337832927703857,0.9575639963150024,0.0367327556014061,5.497768878936768,134.0
train_140,oxidation,zddp_detergent,Детергент_2,Противоизносная_присадка_7,Детергент,Противоизносная,02957.22,02359.22,0.19337832927703857,0.9575639963150024,0.0367327556014061,5.497768878936768,122.71
train_20,oxidation,zddp_detergent,Детергент_4,Противоизносная_присадка_8,Детергент,Противоизносная,0338.22,0186.22,0.19252954423427582,0.9260018467903137,0.06570038944482803,3.164591073989868,97.66
train_152,oxidation,antiwear_ca_mg,Дисперсант_2,Противоизносная_присадка_2,Дисперсант,Противоизносная,01025.23,01026.23,0.18733684718608856,0.3174712061882019,0.3314402103424072,1.7803839445114136,38.8
train_93,oxidation,zn_dispersant,Дисперсант_3,Противоизносная_присадка_7,Дисперсант,Противоизносная,01030.23,02359.22,0.18384508788585663,0.9536052346229553,0.05804463103413582,3.321401357650757,89.03
train_160,oxidation,antiwear_ca_mg,Дисперсант_2,Противоизносная_присадка_2,Дисперсант,Противоизносная,01025.23,01026.23,0.18361900746822357,0.32460737228393555,0.3218158185482025,1.7577288150787354,45.28
train_1,oxidation,ao_ao,Антиоксидант_5,Антиоксидант_6,Антиоксидант,Антиоксидант,32,13799.21,0.17785543203353882,0.27147582173347473,0.5276522636413574,1.2416185140609741,98.04
train_71,oxidation,zn_dispersant,Дисперсант_11,Дисперсант_2,Дисперсант,Дисперсант,02688.24,01025.23,0.17750351130962372,0.6545140147209167,0.20045046508312225,1.352947473526001,11.11
train_2,oxidation,zddp_detergent,Детергент_4,Противоизносная_присадка_8,Детергент,Противоизносная,nan,0186.22,0.16114862263202667,0.8926852345466614,0.06575299054384232,2.7454450130462646,112.37
train_18,oxidation,ao_ao,Антиоксидант_11,Антиоксидант_7,Антиоксидант,Антиоксидант,2023101602 (НИЦ),п.EQ2023082507,0.16062955558300018,0.25174033641815186,0.6559593677520752,0.9727376103401184,39.15
train_111,oxidation,ao_mo,Антиоксидант_2,Соединение_молибдена_1,Антиоксидант,Соединение,01623.24,COMP-2023-0003-M,0.15703155100345612,0.24198149144649506,0.3637937605381012,1.783813714981079,8.58
train_74,oxidation,ao_mo,Антиоксидант_8,Соединение_молибдена_1,Антиоксидант,Соединение,COMP-2024-0009-M,COMP-2023-0003-M,0.15439371764659882,0.54644775390625,0.11826461553573608,2.389055013656616,12.4
train_90,oxidation,zddp_detergent,Детергент_1,Противоизносная_присадка_7,Детергент,Противоизносная,0432.25,02359.22,0.15167610347270966,0.9666606783866882,0.029396764934062958,5.337569713592529,134.43
train_112,oxidation,zn_dispersant,Дисперсант_2,Дисперсант_3,Дисперсант,Дисперсант,01025.23,01030.23,0.14330610632896423,0.3116278648376465,0.2595273554325104,1.7719247341156006,88.46
train_81,oxidation,ao_mo,Антиоксидант_2,Соединение_молибдена_1,Антиоксидант,Соединение,01623.24,COMP-2023-0003-M,0.14146186411380768,0.14148733019828796,0.9086845517158508,1.1002938747406006,87.0
train_80,oxidation,ao_ao,Антиоксидант_1,Антиоксидант_3,Антиоксидант,Антиоксидант,01028.23,01198.23,0.13758334517478943,0.49850043654441833,0.16644880175590515,1.65813410282135,113.05
train_83,oxidation,ao_mo,Антиоксидант_2,Соединение_молибдена_1,Антиоксидант,Соединение,01623.24,COMP-2023-0003-M,0.1375734806060791,0.132498100399971,0.9134077429771423,1.1367380619049072,74.26
train_150,oxidation,ao_ao,Антиоксидант_1,Антиоксидант_3,Антиоксидант,Антиоксидант,01028.23,с ЦП 28.02.2024г,0.13646329939365387,0.4125577509403229,0.24808278679847717,1.3333202600479126,17.0
train_144,oxidation,ao_ao,Антиоксидант_1,Антиоксидант_3,Антиоксидант,Антиоксидант,01028.23,с ЦП 28.02.2024г,0.13646329939365387,0.4125577509403229,0.24808278679847717,1.3333202600479126,17.01
train_61,oxidation,antiwear_ca_mg,Базовое_масло_2,Противоизносная_присадка_20,Базовое,Противоизносная,02596.22,02976.22,0.1348937302827835,0.2187812775373459,0.6561216711997986,0.9397173523902893,28.47
train_117,oxidation,ao_mo,Антиоксидант_2,Соединение_молибдена_1,Антиоксидант,Соединение,01623.24,COMP-2023-0003-M,0.13296809792518616,0.12870581448078156,0.9093348979949951,1.1361231803894043,91.23
train_106,oxidation,ao_mo,Антиоксидант_2,Соединение_молибдена_1,Антиоксидант,Соединение,01623.24,COMP-2023-0003-M,0.13296809792518616,0.12870581448078156,0.9093348979949951,1.1361231803894043,84.25
train_100,oxidation,ao_ao,Антиоксидант_1,Антиоксидант_3,Антиоксидант,Антиоксидант,01196.25 для SL,01194.25 для SL,0.130646750330925,0.30945178866386414,0.22442802786827087,1.8811720609664917,105.26
train_151,oxidation,zddp_detergent,Детергент_1,Противоизносная_присадка_3,Детергент,Противоизносная,03052.24,041.25,0.13049598038196564,0.4820764362812042,0.23860494792461395,1.1344928741455078,19.11
train_126,oxidation,zddp_detergent,Детергент_3,Противоизносная_присадка_7,Детергент,Противоизносная,01714.24,02359.22,0.1292438805103302,0.9752200841903687,0.029468165710568428,4.497324466705322,85.72
train_85,oxidation,ao_mo,Антиоксидант_2,Соединение_молибдена_1,Антиоксидант,Соединение,01623.24,COMP-2023-0003-M,0.12805171310901642,0.12074247747659683,0.9128718972206116,1.161757469177246,55.42
train_114,oxidation,ao_mo,Антиоксидант_2,Соединение_молибдена_1,Антиоксидант,Соединение,01623.24,COMP-2023-0003-M,0.12805171310901642,0.12074247747659683,0.9128718972206116,1.161757469177246,45.59
train_94,oxidation,ao_mo,Антиоксидант_2,Соединение_молибдена_1,Антиоксидант,Соединение,01623.24,COMP-2023-0003-M,0.12500564754009247,0.24569174647331238,0.34224361181259155,1.4866328239440918,10.22
train_1,oxidation,zddp_detergent,Детергент_4,Противоизносная_присадка_8,Детергент,Противоизносная,nan,0186.22,0.12469112873077393,0.9073541760444641,0.051228735595941544,2.682533025741577,98.04
train_35,oxidation,antiwear_ca_mg,Базовое_масло_10,Противоизносная_присадка_8,Базовое,Противоизносная,01936.22 (CCS 2700),0186.22,0.12384060025215149,0.23042207956314087,0.4865053594112396,1.10471773147583,106.86
train_36,oxidation,antiwear_ca_mg,Базовое_масло_10,Противоизносная_присадка_8,Базовое,Противоизносная,01936.22 (CCS 2700),0186.22,0.12288086861371994,0.23077137768268585,0.4821452498435974,1.1043950319290161,103.54
train_8,oxidation,antiwear_ca_mg,Базовое_масло_1,Противоизносная_присадка_26,Базовое,Противоизносная,0766.24,COMP-2024-0017-M,0.12115328013896942,0.40770918130874634,0.26491791009902954,1.121691346168518,34.19
train_90,oxidation,ao_mo,Антиоксидант_2,Соединение_молибдена_1,Антиоксидант,Соединение,01623.24,COMP-2023-0003-M,0.12069156765937805,0.11353286355733871,0.9109642505645752,1.166954755783081,134.43
train_94,oxidation,zddp_detergent,Детергент_12,Противоизносная_присадка_5,Детергент,Противоизносная,8476.23,02975.22,0.12025298178195953,0.8165087699890137,0.07409483939409256,1.987682580947876,10.22
train_113,oxidation,zn_dispersant,Дисперсант_2,Дисперсант_3,Дисперсант,Дисперсант,01025.23,01030.23,0.12017574161291122,0.23593243956565857,0.2618606686592102,1.9451758861541748,103.13
train_134,oxidation,antiwear_ca_mg,Дисперсант_2,Противоизносная_присадка_2,Дисперсант,Противоизносная,01025.23,01026.23,0.11980801075696945,0.43078336119651794,0.14300045371055603,1.9448652267456055,16.57
train_97,oxidation,ao_ao,Антиоксидант_1,Антиоксидант_3,Антиоксидант,Антиоксидант,01028.23,01198.23,0.11765055358409882,0.5789790749549866,0.10625550150871277,1.912404179573059,97.44
train_105,oxidation,zddp_detergent,Детергент_1,Противоизносная_присадка_5,Детергент,Противоизносная,0432.25,02975.22,0.11748088896274567,0.8343832492828369,0.07210265100002289,1.9527668952941895,10.1
train_28,oxidation,antiwear_ca_mg,Базовое_масло_10,Противоизносная_присадка_8,Базовое,Противоизносная,0285.22,0186.22,0.11692045629024506,0.19796088337898254,0.5010607242584229,1.1787474155426025,126.22
train_31,oxidation,antiwear_ca_mg,Базовое_масло_10,Противоизносная_присадка_8,Базовое,Противоизносная,0285.22,0186.22,0.11651124060153961,0.19796088337898254,0.4993070363998413,1.1787474155426025,116.66
train_30,oxidation,antiwear_ca_mg,Базовое_масло_10,Противоизносная_присадка_8,Базовое,Противоизносная,0285.22,0186.22,0.11651124060153961,0.19796088337898254,0.4993070363998413,1.1787474155426025,116.66
train_121,oxidation,ao_ao,Антиоксидант_10,Антиоксидант_3,Антиоксидант,Антиоксидант,4793.19,с ЦП 28.02.2024г,0.11512996256351471,0.4589914083480835,0.2049468606710434,1.2238904237747192,28.09
train_147,oxidation,ao_ao,Антиоксидант_1,Антиоксидант_3,Антиоксидант,Антиоксидант,01028.23,с ЦП 28.02.2024г,0.11400733143091202,0.5239198803901672,0.1773216277360916,1.227174162864685,16.13
train_29,oxidation,antiwear_ca_mg,Базовое_масло_10,Противоизносная_присадка_8,Базовое,Противоизносная,0285.22,0186.22,0.11356813460588455,0.19796088337898254,0.4866943955421448,1.1787474155426025,119.83
train_27,oxidation,antiwear_ca_mg,Дисперсант_1,Противоизносная_присадка_8,Дисперсант,Противоизносная,03067.22,0186.22,0.11306872963905334,0.6245259642601013,0.11602257192134857,1.5604487657546997,97.77
train_113,oxidation,zn_dispersant,Дисперсант_3,Противоизносная_присадка_5,Дисперсант,Противоизносная,01030.23,02975.22,0.11293448507785797,0.6682756543159485,0.13922856748104095,1.213787317276001,103.13
train_120,oxidation,ao_ao,Антиоксидант_10,Антиоксидант_3,Антиоксидант,Антиоксидант,4793.19,с ЦП 28.02.2024г,0.1126801073551178,0.4589914083480835,0.20058578252792358,1.2238904237747192,25.27
train_96,oxidation,ao_ao,Антиоксидант_1,Антиоксидант_3,Антиоксидант,Антиоксидант,01028.23,01198.23,0.11192769557237625,0.5789787173271179,0.10108700394630432,1.91240394115448,78.95
train_15,oxidation,ao_ao,Антиоксидант_13,Антиоксидант_7,Антиоксидант,Антиоксидант,02993.24,п.EQ2023082507,0.1107255220413208,0.22534485161304474,0.6667553782463074,0.7369424104690552,60.24
train_38,oxidation,antiwear_ca_mg,Базовое_масло_10,Противоизносная_присадка_8,Базовое,Противоизносная,01936.22 (CCS 2700),0186.22,0.11014240235090256,0.23044370114803314,0.4326692223548889,1.104672908782959,73.21
train_39,oxidation,antiwear_ca_mg,Базовое_масло_10,Противоизносная_присадка_8,Базовое,Противоизносная,01936.22 (CCS 2700),0186.22,0.10945085436105728,0.23079489171504974,0.4293181002140045,1.1046222448349,96.16
train_95,oxidation,ao_ao,Антиоксидант_1,Антиоксидант_3,Антиоксидант,Антиоксидант,01028.23,01198.23,0.10891636461019516,0.4909381568431854,0.1344113051891327,1.650557041168213,88.19
train_131,oxidation,ao_ao,Антиоксидант_1,Антиоксидант_3,Антиоксидант,Антиоксидант,01028.23,01029/23,0.10887981951236725,0.522760808467865,0.12312515825033188,1.6915996074676514,41.28
train_127,oxidation,zddp_detergent,Детергент_3,Противоизносная_присадка_7,Детергент,Противоизносная,01714.24,02359.22,0.10886671394109726,0.9749875068664551,0.025647301226854324,4.353658676147461,24.4
train_87,oxidation,zddp_detergent,Детергент_1,Противоизносная_присадка_7,Детергент,Противоизносная,0432.25,02359.22,0.10708611458539963,0.9837327599525452,0.021932875737547874,4.963184833526611,52.1
train_82,oxidation,ao_mo,Антиоксидант_2,Соединение_молибдена_1,Антиоксидант,Соединение,01623.24,COMP-2023-0003-M,0.10686667263507843,0.10597672313451767,0.8845438361167908,1.1400198936462402,103.1
train_16,oxidation,ao_ao,Антиоксидант_13,Антиоксидант_7,Антиоксидант,Антиоксидант,02993.24,п.EQ2023082507,0.1065823882818222,0.2202511727809906,0.659217357635498,0.7340718507766724,68.26
train_128,oxidation,ao_ao,Антиоксидант_10,Антиоксидант_3,Антиоксидант,Антиоксидант,4793.19,01198.23,0.10644353926181793,0.5441679954528809,0.1525598168373108,1.282171607017517,15.94
train_120,oxidation,antiwear_ca_mg,Дисперсант_2,Противоизносная_присадка_2,Дисперсант,Противоизносная,01025.23,01026.23,0.10561875998973846,0.267315149307251,0.2323247492313385,1.700677752494812,25.27
train_84,oxidation,ao_mo,Антиоксидант_2,Соединение_молибдена_1,Антиоксидант,Соединение,01623.24,COMP-2023-0003-M,0.10431305319070816,0.0991855338215828,0.8902750015258789,1.1813161373138428,87.72
train_88,oxidation,zddp_detergent,Детергент_1,Противоизносная_присадка_5,Детергент,Противоизносная,0432.25,02975.22,0.1040739193558693,0.6156405210494995,0.17109625041484833,0.9880393147468567,129.68
train_137,oxidation,zn_dispersant,Дисперсант_3,Противоизносная_присадка_1,Дисперсант,Противоизносная,01030.23,01296.23,0.10383632779121399,0.7047773003578186,0.10681605339050293,1.3793067932128906,5.61
train_142,oxidation,ao_ao,Антиоксидант_1,Антиоксидант_3,Антиоксидант,Антиоксидант,01028.23,с ЦП 28.02.2024г,0.10378789156675339,0.45802006125450134,0.17757712304592133,1.2760720252990723,93.48
train_155,oxidation,antiwear_ca_mg,Дисперсант_2,Противоизносная_присадка_2,Дисперсант,Противоизносная,01025.23,01026.23,0.10304102301597595,0.16531409323215485,0.2891676723957062,2.155512571334839,61.83
train_101,oxidation,ao_ao,Антиоксидант_1,Антиоксидант_3,Антиоксидант,Антиоксидант,01196.25 для SL,01194.25 для SL,0.10173739492893219,0.233174666762352,0.21525952219963074,2.026921272277832,126.73
train_119,oxidation,zddp_detergent,Детергент_1,Противоизносная_присадка_5,Детергент,Противоизносная,0432.25,02975.22,0.10078530013561249,0.8327099084854126,0.06545689702033997,1.8490474224090576,12.88
train_108,oxidation,zddp_detergent,Детергент_1,Противоизносная_присадка_5,Детергент,Противоизносная,0432.25,02975.22,0.10078530013561249,0.8327099084854126,0.06545689702033997,1.8490474224090576,11.28
train_72,oxidation,zn_dispersant,Дисперсант_12,Дисперсант_2,Дисперсант,Дисперсант,02689.24,01025.23,0.10053879022598267,0.6311415433883667,0.13294929265975952,1.198176622390747,12.53
train_121,oxidation,antiwear_ca_mg,Дисперсант_2,Противоизносная_присадка_2,Дисперсант,Противоизносная,01025.23,01026.23,0.10015667974948883,0.2806892693042755,0.22712548077106476,1.5710437297821045,28.09
train_107,oxidation,ao_mo,Антиоксидант_2,Соединение_молибдена_1,Антиоксидант,Соединение,01623.24,COMP-2023-0003-M,0.0995943620800972,0.0963970422744751,0.8862155675888062,1.1658204793930054,95.47
train_118,oxidation,ao_mo,Антиоксидант_2,Соединение_молибдена_1,Антиоксидант,Соединение,01623.24,COMP-2023-0003-M,0.0995943620800972,0.0963970422744751,0.8862155675888062,1.1658204793930054,103.98
train_69,oxidation,zn_dispersant,Дисперсант_3,Противоизносная_присадка_1,Дисперсант,Противоизносная,01030.23,0812.24,0.09922032803297043,0.5839707851409912,0.1292213499546051,1.3148471117019653,11.28
train_68,oxidation,zn_dispersant,Дисперсант_3,Противоизносная_присадка_1,Дисперсант,Противоизносная,П-23-035,0812.24,0.09904351085424423,0.5869457125663757,0.1285037100315094,1.3131442070007324,12.61
train_104,oxidation,zddp_detergent,Детергент_3,Противоизносная_присадка_5,Детергент,Противоизносная,48670.24,02975.22,0.09757557511329651,0.6679801940917969,0.06580973416566849,2.2196648120880127,11.48
train_112,oxidation,zn_dispersant,Дисперсант_3,Противоизносная_присадка_5,Дисперсант,Противоизносная,01030.23,02975.22,0.09755676984786987,0.7261878252029419,0.12925943732261658,1.0393126010894775,88.46
train_156,oxidation,antiwear_ca_mg,Дисперсант_2,Противоизносная_присадка_2,Дисперсант,Противоизносная,01025.23,01026.23,0.09745446592569351,0.14249847829341888,0.28927409648895264,2.364187717437744,45.2
train_86,oxidation,ao_mo,Антиоксидант_2,Соединение_молибдена_1,Антиоксидант,Соединение,01623.24,COMP-2023-0003-M,0.09671145677566528,0.0902678593993187,0.8899420499801636,1.2038795948028564,61.15
train_115,oxidation,ao_mo,Антиоксидант_2,Соединение_молибдена_1,Антиоксидант,Соединение,01623.24,COMP-2023-0003-M,0.09671145677566528,0.0902678593993187,0.8899420499801636,1.2038795948028564,53.59
train_116,oxidation,zddp_detergent,Детергент_1,Противоизносная_присадка_5,Детергент,Противоизносная,0432.25,02975.22,0.09623932093381882,0.8327099084854126,0.06250442564487457,1.8490474224090576,15.78
train_132,oxidation,antiwear_ca_mg,Дисперсант_2,Противоизносная_присадка_2,Дисперсант,Противоизносная,01025.23,01026.23,0.09598040580749512,0.325158029794693,0.17747749388217926,1.6632012128829956,17.37
train_158,oxidation,antiwear_ca_mg,Дисперсант_2,Противоизносная_присадка_2,Дисперсант,Противоизносная,01025.23,01026.23,0.09551812708377838,0.14190424978733063,0.28464674949645996,2.364744186401367,47.24
train_88,oxidation,ao_ao,Антиоксидант_1,Антиоксидант_2,Антиоксидант,Антиоксидант,01196.25 для SL,01623.24,0.09375746548175812,0.08237144351005554,0.8289037346839905,1.373172402381897,129.68
train_129,oxidation,antiwear_ca_mg,Дисперсант_2,Противоизносная_присадка_2,Дисперсант,Противоизносная,01025.23,01026.23,0.0935293510556221,0.2926342189311981,0.2100323587656021,1.5217264890670776,15.81
train_112,oxidation,antiwear_ca_mg,Дисперсант_2,Противоизносная_присадка_5,Дисперсант,Противоизносная,01025.23,02975.22,0.09237374365329742,0.3224186599254608,0.28045156598091125,1.0215755701065063,88.46
train_4,oxidation,ao_ao,Антиоксидант_1,Антиоксидант_3,Антиоксидант,Антиоксидант,01028.23,с ЦП 28.02.2024г,0.09228722006082535,0.41824468970298767,0.20188233256340027,1.0929814577102661,37.95
train_99,oxidation,zn_dispersant,Дисперсант_3,Противоизносная_присадка_21,Дисперсант,Противоизносная,01030.23,01578.24,0.09214630722999573,0.8342361450195312,0.1004369780421257,1.0997533798217773,96.92
train_142,oxidation,zn_dispersant,Дисперсант_2,Дисперсант_3,Дисперсант,Дисперсант,01025.23,01030.23,0.09119958430528641,0.5383193492889404,0.1235014870762825,1.3717681169509888,93.48
train_18,oxidation,zddp_detergent,Детергент_9,Противоизносная_присадка_11,Детергент,Противоизносная,01020.25,0242.25,0.0891042947769165,0.38821130990982056,0.2990891635417938,0.7674140930175781,39.15
train_100,oxidation,antiwear_ca_mg,Дисперсант_2,Противоизносная_присадка_2,Дисперсант,Противоизносная,01025.23,01021.25,0.08713707327842712,0.11489971727132797,0.4233059883117676,1.7915527820587158,105.26
train_5,oxidation,ao_ao,Антиоксидант_1,Антиоксидант_3,Антиоксидант,Антиоксидант,01028.23,с ЦП 28.02.2024г,0.08694557100534439,0.41818323731422424,0.19024263322353363,1.0928813219070435,34.9
train_109,oxidation,antiwear_ca_mg,Дисперсант_2,Противоизносная_присадка_5,Дисперсант,Противоизносная,01025.23,02975.22,0.08664684742689133,0.29686522483825684,0.28163954615592957,1.0363341569900513,92.78
train_64,oxidation,ao_ao,Антиоксидант_10,Антиоксидант_4,Антиоксидант,Антиоксидант,4793.19,01050.22,0.08584418892860413,0.26402387022972107,0.2587047517299652,1.256791591644287,27.94
train_138,oxidation,zn_dispersant,Дисперсант_3,Противоизносная_присадка_1,Дисперсант,Противоизносная,01030.23,01296.23,0.0854499563574791,0.5758704543113708,0.10875959694385529,1.3643301725387573,16.45
train_127,oxidation,ao_mo,Антиоксидант_8,Соединение_молибдена_1,Антиоксидант,Соединение,COMP-2024-0009-M,COMP-2023-0003-M,0.0842585563659668,0.5909585952758789,0.06205122917890549,2.2977700233459473,24.4
train_150,oxidation,ao_mo,Антиоксидант_3,Соединение_молибдена_1,Антиоксидант,Соединение,с ЦП 28.02.2024г,COMP-2023-0003-M,0.0838293731212616,0.29893672466278076,0.22138796746730804,1.2666683197021484,17.0
train_144,oxidation,ao_mo,Антиоксидант_3,Соединение_молибдена_1,Антиоксидант,Соединение,с ЦП 28.02.2024г,COMP-2023-0003-M,0.0838293731212616,0.29893672466278076,0.22138796746730804,1.2666683197021484,17.01
train_75,oxidation,zn_dispersant,Дисперсант_3,Противоизносная_присадка_11,Дисперсант,Противоизносная,01030.23,0242.25,0.08086849749088287,0.7186734080314636,0.09102078527212143,1.2362525463104248,22.0
train_153,oxidation,antiwear_ca_mg,Дисперсант_2,Противоизносная_присадка_2,Дисперсант,Противоизносная,01025.23,01026.23,0.08033811300992966,0.12090250104665756,0.28159409761428833,2.3597326278686523,45.93
train_126,oxidation,ao_mo,Антиоксидант_8,Соединение_молибдена_1,Антиоксидант,Соединение,COMP-2024-0009-M,COMP-2023-0003-M,0.07807652652263641,0.5730766654014587,0.06391648203134537,2.131546974182129,85.72
train_27,oxidation,zddp_detergent,Детергент_2,Противоизносная_присадка_8,Детергент,Противоизносная,02957.22,0186.22,0.07699820399284363,0.9670678973197937,0.017207754775881767,4.6269989013671875,97.77
train_78,oxidation,ao_ao,Антиоксидант_1,Антиоксидант_3,Антиоксидант,Антиоксидант,02717.22,03341.22,0.07649323344230652,0.5116914510726929,0.1036691963672638,1.4419995546340942,77.0
train_72,oxidation,zn_dispersant,Дисперсант_12,Противоизносная_присадка_1,Дисперсант,Противоизносная,02689.24,0812.24,0.07626867294311523,0.5382871031761169,0.12261795997619629,1.1555217504501343,12.53
train_125,oxidation,zddp_detergent,Детергент_11,Противоизносная_присадка_7,Детергент,Противоизносная,COMP-2025-0018-M,02359.22,0.0755271390080452,0.9748749732971191,0.011892336420714855,6.514587879180908,148.95
train_6,oxidation,antiwear_ca_mg,Дисперсант_1,Противоизносная_присадка_27,Дисперсант,Противоизносная,03067.22,01363.24,0.07545457780361176,0.35532963275909424,0.24944594502449036,0.8512903451919556,32.12
train_148,oxidation,zn_dispersant,Дисперсант_3,Противоизносная_присадка_1,Дисперсант,Противоизносная,01030.23,0812.24,0.07480455935001373,0.5908951759338379,0.09277631342411041,1.364521861076355,22.21
train_50,oxidation,zddp_detergent,Детергент_9,Противоизносная_присадка_11,Детергент,Противоизносная,0241.25,0242.25,0.07448100298643112,0.4177963435649872,0.23932568728923798,0.7448890209197998,66.03
train_161,oxidation,zn_dispersant,Дисперсант_3,Противоизносная_присадка_1,Дисперсант,Противоизносная,01030.23,0812.24,0.07419364154338837,0.5325431227684021,0.10656950622797012,1.3073111772537231,42.16
train_8,oxidation,antiwear_ca_mg,Дисперсант_1,Противоизносная_присадка_26,Дисперсант,Противоизносная,03067.22,COMP-2024-0017-M,0.07073363661766052,0.39466363191604614,0.18023407459259033,0.9944019913673401,34.19
train_82,oxidation,zddp_detergent,Детергент_1,Противоизносная_присадка_5,Детергент,Противоизносная,0432.25,02975.22,0.0703444704413414,0.6307094097137451,0.11545613408088684,0.9660145044326782,103.1
train_147,oxidation,ao_mo,Антиоксидант_3,Соединение_молибдена_1,Антиоксидант,Соединение,с ЦП 28.02.2024г,COMP-2023-0003-M,0.07021420449018478,0.3091292381286621,0.16409055888652802,1.384207844734192,16.13
train_2,oxidation,zddp_detergent,Детергент_1,Противоизносная_присадка_8,Детергент,Противоизносная,0174.22,0186.22,0.07021066546440125,0.9863296151161194,0.01229208242148161,5.791026592254639,112.37
train_113,oxidation,antiwear_ca_mg,Дисперсант_2,Противоизносная_присадка_5,Дисперсант,Противоизносная,01025.23,02975.22,0.0701250210404396,0.24932131171226501,0.27393561601638794,1.026750922203064,103.13
train_21,oxidation,zddp_detergent,Детергент_4,Противоизносная_присадка_8,Детергент,Противоизносная,0338.22,0186.22,0.06993434578180313,0.8812395334243774,0.03194291517138481,2.484402894973755,66.79
train_70,oxidation,ao_mo,Антиоксидант_9,Соединение_молибдена_1,Антиоксидант,Соединение,03606.23(2023101002),COMP-2023-0003-M,0.06940115988254547,0.24557849764823914,0.21586483716964722,1.3091652393341064,10.78
